rh_volume_superiorfrontal,lh_volume_rostralmiddlefrontal,lh_volume_superiorfrontal,rh_volume_precentral,rh_volume_rostralmiddlefrontal,rh_volume_caudalmiddlefrontal
735.841855446854,706.2442179097758,747.7770413003548,725.5560455322266,656.6880703630119,763.9225830078125
733.3561686015449,705.1614895114651,745.7821750688198,725.4453765869141,656.5000126279633,762.1531494140625
735.9366206010895,703.6889426491477,744.355489347472,723.2108306884766,651.6712520204742,759.6170043945312
730.6258437494527,705.599283193613,745.6040349539102,728.2920684814453,644.5200468918373,760.4010620117188
734.8979044687587,703.8908572506595,745.6878072203832,727.4843902587891,646.3942576441272,758.4726806640625
730.6169471227535,702.9598396598519,742.6941891047854,722.3774261474609,639.0891513166756,756.3445922851563
732.8964879331032,700.8292410714286,742.2249321949394,723.4289916992187,641.915407378098,757.3335571289062
728.2739985855171,699.5294902851056,739.0916835131775,722.7803924560546,635.8432175208783,754.6070556640625
728.2813644751305,701.0553030038809,740.1612744958466,723.0562133789062,636.2836787782867,750.6240844726562
728.3012632361442,697.5163150143313,741.0474996637765,724.8745056152344,643.993494494208,755.0498657226562
727.3536931196136,697.3631778073001,738.9799396524359,725.5191009521484,641.0307869746767,749.97568359375
730.4129136431912,699.3035405146611,742.0047414320575,726.1212036132813,635.0294799804688,752.36005859375
727.7695376135308,698.726908101664,740.7187894532461,725.4547180175781,634.2781340500404,756.23310546875
730.8507385253906,702.8375763335786,741.5732313586819,725.3822601318359,637.5743639715787,752.2692504882813
728.4258698604567,700.0012337820871,742.2122702018795,725.8443359375,637.1632037984914,753.9943115234375
729.7307559984147,700.681329504236,739.4759349586354,723.3156433105469,640.6099790375808,755.7542236328125
725.4281536837865,697.8625032499239,737.0430708286484,719.2346618652343,640.8056872137662,754.5020751953125
728.4129411500666,696.9151048536424,738.4676489439555,725.4415252685546,643.582361681708,753.2595703125
731.6844823178689,698.234379359654,740.2424170255069,721.380126953125,649.663870975889,755.914208984375
726.1881511329001,698.5354534991376,737.4974852909817,719.3542449951171,648.8870176117996,756.217138671875
728.0449603983105,698.8013012378246,739.5248903033159,719.8316619873046,648.5929775895744,758.477587890625
730.5837236755098,699.2686668495079,743.4603765975157,723.9764739990235,641.7084076980065,763.0210693359375
728.1810726285515,698.1916170987216,741.2742048315612,722.5409210205078,636.0405357623922,757.4367309570313
733.0765649085622,696.1486523120434,742.788792461083,722.1157409667969,641.6255893049569,758.2290893554688
729.4127677609567,697.8087812151227,741.1595424150415,718.2051574707032,634.9884748787715,760.2715698242188
727.2201653040044,695.7595837085278,741.6935483870968,718.8616394042969,626.439089018723,760.6670776367188
729.1845749654043,698.7441628196023,742.3480295034556,720.0724639892578,625.0458131987473,758.787060546875
727.2502853325129,700.0578113902699,741.2476138737302,717.647183227539,632.2702805091595,758.1456787109375
726.824751575966,696.5718122209821,738.949939812975,719.1709381103516,635.9492176976697,754.0641479492188
727.6475739757042,695.7954937823407,737.6667122284769,713.4122009277344,632.600683804216,760.3483520507813
727.1066806947169,700.4295531433899,739.9010656465667,720.270263671875,635.6193679283405,760.9883422851562
729.3208734486669,697.6353795435522,740.4800723243884,717.5378936767578,638.3404004327182,757.4716552734375
728.5680323031986,701.3375069754464,738.7542331591434,718.0193725585938,638.4642207704742,760.3464233398438
727.1565574338083,700.2432270793172,738.1952470727357,719.8140716552734,631.5826942180765,759.3352416992187
729.7764737937482,699.2002765605976,743.0467951847957,719.363656616211,631.4649005758351,761.3243041992188
727.4369692267859,699.9538760494876,740.4247022302216,720.0283569335937,630.3736635405442,757.55869140625
728.6542768264566,700.2637432147931,742.5721477953435,715.9942260742188,633.9390048323006,754.3939208984375
729.1730036029901,697.6189273982853,742.5550073666253,718.1259094238281,638.0891786772629,756.5786743164062
725.6302436178576,700.8778294154575,739.6573110727163,711.465121459961,631.1437209556842,756.2419677734375
728.0622690654121,703.6640541770241,740.0325117466172,713.1457702636719,631.0434265136719,754.4955688476563
726.0964702383819,703.8302830287388,739.9132562452747,709.1713287353516,632.2865516399515,755.977587890625
727.7340199423478,700.8460170200893,742.5479686348965,715.971435546875,637.3903503417969,759.0736206054687
732.3460436081137,703.3313864175375,746.6029449538617,718.8174987792969,637.9134111075566,759.7920043945312
725.6156624421945,700.7619513969917,740.3980828751405,710.6726440429687,640.7492317988955,754.2648681640625
725.958047978012,699.1338548536424,739.9458333434301,713.4013824462891,652.0972142712824,756.089892578125
726.316222802406,699.9270998471743,739.4118459999709,710.982455444336,653.4142245588631,755.7936157226562
724.8790249674844,699.7187805175781,740.2830135828212,713.2641662597656,652.5802633351293,756.4994262695312
725.4847217782196,701.0104524686739,736.7223808345369,706.0224761962891,646.1814806707974,755.0351684570312
721.5361614826014,700.3239337871601,738.3601853439293,707.8349792480469,637.3086232152478,756.4826293945313
723.7661807483622,703.2239772251675,737.7468953097133,707.4324096679687,637.1704301505254,753.6495239257813
722.6214947208696,701.1169722916244,735.273185483871,705.266079711914,630.4641471073545,756.9185302734375
722.6916759815986,698.6544605601918,737.7763971749961,705.9585754394532,628.0707271181304,758.3501586914062
719.9422051126112,700.0356885241224,734.3316147569983,701.5731597900391,623.4206395642511,759.10771484375
721.98734806899,700.2893276462307,736.5000861761883,705.4401184082031,632.3397290459994,754.8885009765625
723.6003950315741,701.9658306171368,740.4957847121927,707.3075622558594,638.162868105132,762.0628540039063
720.5852535230697,700.952087798676,735.139177118874,706.7904052734375,641.4041695430361,755.7332763671875
722.7772619136246,702.1163480684355,741.2586245099013,706.0747894287109,633.7811174063847,761.2680908203125
724.5109354198781,699.0005976689326,737.9107488816784,707.4302398681641,634.33094208816,760.3823974609375
724.4214587703414,702.8895798720323,739.7428540402548,708.6750183105469,633.8592518773572,760.9928100585937
721.4678898285323,700.0768733829647,738.8948096945031,706.58271484375,635.8667171083648,757.799951171875
722.8343249949639,704.9854851264458,743.6644119754915,707.942138671875,638.0315109779095,760.0796142578125
723.4170862719617,702.1067825911881,743.7827919328183,708.1146301269531,642.5480367726293,756.2637329101562
727.0325730670194,702.5602496258624,742.8852152859898,713.9204071044921,643.5031085836476,756.4225952148438
721.8645428713127,700.8891030844156,736.2476467388144,704.7382202148438,638.8274430899785,755.7423095703125
721.0580302011806,703.6549504267705,736.1259707315979,704.5165344238281,640.3523980502424,757.3857666015625
722.8139616277721,701.384929706524,736.0216911069808,706.6182342529297,642.8147372541756,756.644091796875
722.6525561413957,704.5036585423853,733.6311706845872,702.3458557128906,642.5322781266838,755.2616821289063
721.0091668372731,704.2971254819399,736.7671049132241,706.8975891113281,639.9753502155172,758.6695190429688
723.3315799182841,702.8685837782823,739.4341320861362,705.9681518554687,636.977809511382,760.2635498046875
722.7357466488141,701.1278694450082,737.0610702173882,705.3420501708985,640.4838309452451,757.80537109375
722.9623781897027,701.3015164462003,737.8134249173678,709.4515350341796,633.2232445026266,756.5041137695313
722.7417108510107,703.7433301256849,736.036851225065,706.7453033447266,632.1747436523438,759.5888671875
721.4305248174967,701.4785964767655,737.5817732515169,707.1330200195313,636.6485216864224,757.3117919921875
719.1006378721229,701.1828732180905,734.4598103942113,703.9087554931641,638.4494229020744,753.1065551757813
723.3585661473296,699.7480012967989,738.0359263076972,706.4298889160157,639.4846917514143,760.5704223632813
723.5799424380999,701.1317594453886,741.4843820425181,709.4211547851562,638.6980233028017,758.4212280273438
724.386554940399,704.9713562804383,741.0223520435115,707.9650695800781,642.8182373046875,760.4465698242187
726.3440944517674,704.2448663092279,743.233156720107,709.0783905029297,651.8208397174703,761.290869140625
729.850962549047,705.5342189243862,748.9080972600516,714.0818572998047,650.3123979239629,756.6809326171875
723.604205760186,705.2570753221388,745.3003994395065,710.9687286376953,651.9735138991783,755.68046875
723.883020854317,704.9075456099076,739.7540251398204,708.9117248535156,655.6312434755523,762.414794921875
720.8284609670596,705.0161295308695,738.4352461670528,706.5471099853515,654.57568359375,756.9101196289063
721.5840837966166,705.0256831181514,736.0144527615151,702.5118103027344,654.5375218884699,755.6025268554688
722.2535212221702,701.2657427106585,736.3516062696282,699.3798797607421,652.6140431371228,760.3494506835938
722.2044768055458,703.5335257393973,736.8507292110926,706.3688262939453,654.2480973868535,760.7284545898438
721.7504421627575,704.1566629781352,737.3051203498178,702.4669250488281,649.5339176572602,758.8495727539063
720.3604098606537,703.3755330667867,735.1437125004846,696.4568664550782,640.0913096460803,758.2074584960938
723.6204053254405,703.6313222909903,739.03955040262,702.4436218261719,642.3628960971174,756.9606201171875
725.8175721446495,704.3017899154069,740.4814145677439,701.8042877197265,647.3626656367861,766.262451171875
727.0779959503311,704.6026690594562,744.5364579042193,702.6986572265625,641.3575397359914,766.3959594726563
724.8081766308156,707.1718880789621,743.4516753014501,702.2555297851562,634.3432038405846,759.5659790039062
723.9223757346115,702.643431428191,740.219234419224,699.1582214355469,634.6371070598734,760.6694946289062
722.7604781351816,698.5305805949422,740.1023736769154,702.1802032470703,620.1591365419586,761.0275634765625
728.0066292253845,707.1948896135602,748.1554522644498,705.896450805664,621.3750515641838,768.1735473632813
728.2520129969301,704.7654161329393,746.6266565062568,707.9034545898437,633.7332100703799,768.4561401367188
726.7978165972928,704.658894328328,746.5533145876144,705.0563903808594,634.0166120858028,770.4734741210938
722.6917504280672,705.8670547287186,740.2814756634809,700.5035919189453,633.7947250892377,763.5513793945313
723.5771509008023,706.787372935902,741.6052779204792,699.1042785644531,634.0519367086476,764.13388671875
721.3959607179924,703.1352479612673,738.6546448359715,699.4488861083985,633.3358575228987,761.9993286132812
720.1260266496462,704.4238737032011,740.9806791925548,699.1118896484375,636.7442858465787,759.6846313476562
721.9820365050448,704.8435450962612,737.2866856123022,698.1340850830078,640.595143285291,762.0928588867188
723.2746390441073,705.0902793190696,740.9084814937771,700.70458984375,635.4922380118535,761.8786376953125
720.095745343264,706.231015292081,740.5221933218149,698.4356811523437,637.6942717453529,759.5726196289063
725.3937048120883,708.5848955426898,743.1528788299182,700.6456512451172,648.8824410274111,764.0321044921875
723.4242229376139,708.5629522150213,740.8509677479935,698.3720703125,644.5939110065328,764.9427001953125
722.5117823168836,707.1273284515777,739.9683824259945,697.5682006835938,640.7110343143858,759.3362915039063
721.9087174077739,705.7987171519886,740.5598011253489,697.3423309326172,647.7970802044047,762.468212890625
726.2965936361406,702.23187731458,743.0860737310745,696.7340118408204,641.3565273942619,757.4771850585937
726.1128147279201,700.4578037014255,745.6795709576855,699.2035980224609,634.4153621278961,756.9060424804687
726.9269439970966,702.3853918298498,746.5902304448206,704.9919555664062,630.9889515843885,762.6480590820313
724.8967142147868,702.5430828936688,742.9034072838114,701.8595031738281,635.4814989813443,758.7911743164062
725.5304660540526,704.0092765510856,741.5906380021543,699.5213745117187,636.5110831425108,759.1172485351562
723.3893806218032,705.8692440676999,738.4562396861188,698.6320770263671,633.5245445514547,763.2367919921875
722.7207640917312,703.5534014020648,738.430647251328,691.9010711669922,631.1204981310614,764.88408203125
722.5605374323413,702.7472197297332,740.654036718326,697.9046295166015,632.6653747558594,762.5253051757812
721.7466719417829,706.1490426992441,739.6068638122407,698.9940826416016,628.9310186978045,765.1854125976563
723.8862384060573,703.1588344821682,740.1467724745681,695.3714736938476,623.9960990116514,762.0205078125
721.1265301212602,704.19341565417,740.5176971662725,694.6824676513672,624.749413852034,759.0661865234375
724.7016912212287,708.3946430156757,741.9249228957865,693.2471740722656,636.2577893487338,764.1467529296875
722.2070166754615,707.4632754635501,739.3980960514646,690.0329345703125,642.036970467403,763.5154663085938
721.7153322365252,709.1610154981737,741.3943048292591,690.8683319091797,642.9695213580953,762.34072265625
727.2313369956252,708.8109535118202,743.7073283230992,696.2880920410156,647.5508927970097,765.69619140625
726.537416535108,707.0723853173193,748.1487217754052,695.0760681152344,645.1458540291621,770.764453125
727.0242216512227,710.1878761192421,745.5240039304823,695.8945831298828,640.8206303037446,770.2059936523438
725.6195578126095,705.5443737475903,746.3347992624894,697.0884765625,631.8909954202586,770.3864868164062
726.2987777641536,704.864577652572,745.396981289014,697.3439575195313,628.6012520625674,766.71796875
724.7573910700366,704.9814635437805,742.8003228805201,692.4625823974609,628.9544004242996,768.8568969726563
725.5161289505894,704.5719418216062,745.294186386222,695.2070404052735,627.9471067231277,762.9725952148438
724.7113868473891,707.1314257336901,746.6922771747296,696.4868957519532,628.4731803104795,766.2727172851562
725.0763536119675,707.335555039443,747.7570470615889,697.1135101318359,630.1734366581358,764.2503784179687
