gene	gene_name	gwas_phenotype	training_model	zscore	atl_BHpval
ENSG00000173598	NUDT4	aparc-Desikan_lh_area_fusiform	JTI_Adrenal_Gland	-4.5748400585306	0.0126628151955697
ENSG00000069275	NUCKS1	aparc-Desikan_lh_area_lingual	JTI_Adrenal_Gland	-4.07111593514695	0.0480711034872513
ENSG00000011590	ZBTB32	aparc-Desikan_lh_thickness_frontalpole	JTI_Adrenal_Gland	6.01882936101144	4.56423761355904e-05
ENSG00000011590	ZBTB32	aparc-Desikan_lh_thickness_GlobalMeanThickness	JTI_Adrenal_Gland	4.60149481334392	0.011721493133395
ENSG00000011590	ZBTB32	aparc-Desikan_lh_thickness_lateralorbitofrontal	JTI_Adrenal_Gland	5.26771772069169	0.0011643948031332
ENSG00000011590	ZBTB32	aparc-Desikan_lh_thickness_parsopercularis	JTI_Adrenal_Gland	5.5129010785608	0.000429578047613799
ENSG00000011590	ZBTB32	aparc-Desikan_lh_thickness_precuneus	JTI_Adrenal_Gland	5.10597361166383	0.00212928427950951
ENSG00000011590	ZBTB32	aparc-Desikan_lh_thickness_rostralmiddlefrontal	JTI_Adrenal_Gland	5.90485982855778	7.84633870214045e-05
ENSG00000011590	ZBTB32	aparc-Desikan_lh_thickness_superiorfrontal	JTI_Adrenal_Gland	6.81495636167774	7.24144831936752e-07
ENSG00000011590	ZBTB32	aparc-Desikan_lh_volume_frontalpole	JTI_Adrenal_Gland	5.69258338949232	0.000201235893065311
ENSG00000069275	NUCKS1	aparc-Desikan_lh_volume_lingual	JTI_Adrenal_Gland	-4.68823428182606	0.00891339647401242
ENSG00000011590	ZBTB32	aparc-Desikan_lh_volume_rostralmiddlefrontal	JTI_Adrenal_Gland	5.57885009725498	0.000327396581916579
ENSG00000011590	ZBTB32	aparc-Desikan_lh_volume_superiorfrontal	JTI_Adrenal_Gland	5.48850348265079	0.000472896464063718
ENSG00000170579	DLGAP1	aparc-Desikan_rh_area_bankssts	JTI_Adrenal_Gland	4.19099183087137	0.0362110151813769
ENSG00000188130	MAPK12	aparc-Desikan_rh_area_inferiorparietal	JTI_Adrenal_Gland	-4.20655994653684	0.0348365102794383
ENSG00000069275	NUCKS1	aparc-Desikan_rh_area_pericalcarine	JTI_Adrenal_Gland	-4.37182090432918	0.0225413739622725
ENSG00000188130	MAPK12	aparc-Desikan_rh_area_TotalSurface	JTI_Adrenal_Gland	-4.17825881829653	0.037433795522566
ENSG00000011590	ZBTB32	aparc-Desikan_rh_thickness_caudalmiddlefrontal	JTI_Adrenal_Gland	5.52585389969134	0.000409821253204079
ENSG00000011590	ZBTB32	aparc-Desikan_rh_thickness_entorhinal	JTI_Adrenal_Gland	4.92715008422904	0.00392616038806429
ENSG00000011590	ZBTB32	aparc-Desikan_rh_thickness_frontalpole	JTI_Adrenal_Gland	4.72667817219648	0.00783281200684854
ENSG00000011590	ZBTB32	aparc-Desikan_rh_thickness_GlobalMeanThickness	JTI_Adrenal_Gland	5.49571192527165	0.000456029121396338
ENSG00000011590	ZBTB32	aparc-Desikan_rh_thickness_inferiorparietal	JTI_Adrenal_Gland	4.56621673231428	0.0129505056957618
ENSG00000011590	ZBTB32	aparc-Desikan_rh_thickness_lateralorbitofrontal	JTI_Adrenal_Gland	5.1059413543764	0.00212928427950951
ENSG00000011590	ZBTB32	aparc-Desikan_rh_thickness_medialorbitofrontal	JTI_Adrenal_Gland	5.06308586935078	0.00248087709889903
ENSG00000011590	ZBTB32	aparc-Desikan_rh_thickness_paracentral	JTI_Adrenal_Gland	5.28292653355344	0.00109732529601255
ENSG00000011590	ZBTB32	aparc-Desikan_rh_thickness_parsorbitalis	JTI_Adrenal_Gland	4.74304264366025	0.00743054570039443
ENSG00000011590	ZBTB32	aparc-Desikan_rh_thickness_parstriangularis	JTI_Adrenal_Gland	4.18746812097339	0.0365949102648738
ENSG00000011590	ZBTB32	aparc-Desikan_rh_thickness_precuneus	JTI_Adrenal_Gland	5.09124942821058	0.00223053863371752
ENSG00000011590	ZBTB32	aparc-Desikan_rh_thickness_rostralmiddlefrontal	JTI_Adrenal_Gland	6.73676419986889	1.11283886503976e-06
ENSG00000011590	ZBTB32	aparc-Desikan_rh_thickness_superiorfrontal	JTI_Adrenal_Gland	7.20464906983006	8.73819757102289e-08
ENSG00000011590	ZBTB32	aparc-Desikan_rh_thickness_superiorparietal	JTI_Adrenal_Gland	4.58603376111239	0.0122615841258064
ENSG00000069275	NUCKS1	aparc-Desikan_rh_volume_cuneus	JTI_Adrenal_Gland	-4.52126832169608	0.014890888044748
ENSG00000011590	ZBTB32	aparc-Desikan_rh_volume_frontalpole	JTI_Adrenal_Gland	4.75537150778813	0.00713720909433266
ENSG00000011590	ZBTB32	aparc-Desikan_rh_volume_lateralorbitofrontal	JTI_Adrenal_Gland	4.18788518830059	0.0365574489438367
ENSG00000011590	ZBTB32	aparc-Desikan_rh_volume_precentral	JTI_Adrenal_Gland	4.37218932418285	0.0225289117380303
ENSG00000011590	ZBTB32	aparc-Desikan_rh_volume_rostralmiddlefrontal	JTI_Adrenal_Gland	4.95586499608211	0.0035700778784691
ENSG00000011590	ZBTB32	aparc-Desikan_rh_volume_superiorfrontal	JTI_Adrenal_Gland	5.33952151712839	0.000883983503598845
ENSG00000011590	ZBTB32	aparc-Desikan_lh_thickness_frontalpole	JTI_Brain_Amygdala	6.00963401971103	4.75999462698185e-05
ENSG00000011590	ZBTB32	aparc-Desikan_lh_thickness_GlobalMeanThickness	JTI_Brain_Amygdala	4.6060205196035	0.0115578830648295
ENSG00000011590	ZBTB32	aparc-Desikan_lh_thickness_lateralorbitofrontal	JTI_Brain_Amygdala	5.22519410136262	0.00136155439332042
ENSG00000011590	ZBTB32	aparc-Desikan_lh_thickness_parsopercularis	JTI_Brain_Amygdala	5.51222388058213	0.000430504983599206
ENSG00000011590	ZBTB32	aparc-Desikan_lh_thickness_precuneus	JTI_Brain_Amygdala	5.09583365565445	0.0021985658931465
ENSG00000011590	ZBTB32	aparc-Desikan_lh_thickness_rostralmiddlefrontal	JTI_Brain_Amygdala	5.88661840325656	8.53151286146484e-05
ENSG00000011590	ZBTB32	aparc-Desikan_lh_thickness_superiorfrontal	JTI_Brain_Amygdala	6.81877182122308	7.1667104332697e-07
ENSG00000011590	ZBTB32	aparc-Desikan_lh_volume_frontalpole	JTI_Brain_Amygdala	5.67067907151979	0.00022034839417619
ENSG00000011590	ZBTB32	aparc-Desikan_lh_volume_rostralmiddlefrontal	JTI_Brain_Amygdala	5.60084824400752	0.000300031306665691
ENSG00000011590	ZBTB32	aparc-Desikan_lh_volume_superiorfrontal	JTI_Brain_Amygdala	5.46218152876412	0.000527373329780457
ENSG00000162989	KCNJ3	aparc-Desikan_rh_area_insula	JTI_Brain_Amygdala	4.3578515117542	0.0234640733716153
ENSG00000011590	ZBTB32	aparc-Desikan_rh_thickness_caudalmiddlefrontal	JTI_Brain_Amygdala	5.45177637373475	0.000551331977246446
ENSG00000011590	ZBTB32	aparc-Desikan_rh_thickness_entorhinal	JTI_Brain_Amygdala	4.90532460198767	0.00424702178849689
ENSG00000011590	ZBTB32	aparc-Desikan_rh_thickness_frontalpole	JTI_Brain_Amygdala	4.65975933709171	0.00981531856728849
ENSG00000011590	ZBTB32	aparc-Desikan_rh_thickness_GlobalMeanThickness	JTI_Brain_Amygdala	5.45933365841033	0.000532472439220605
ENSG00000011590	ZBTB32	aparc-Desikan_rh_thickness_inferiorparietal	JTI_Brain_Amygdala	4.58109410138556	0.0124489566749047
ENSG00000011590	ZBTB32	aparc-Desikan_rh_thickness_lateralorbitofrontal	JTI_Brain_Amygdala	5.09095526395978	0.00223064745498545
ENSG00000011590	ZBTB32	aparc-Desikan_rh_thickness_medialorbitofrontal	JTI_Brain_Amygdala	5.06137465326576	0.00249906534043331
ENSG00000011590	ZBTB32	aparc-Desikan_rh_thickness_paracentral	JTI_Brain_Amygdala	5.23600824852297	0.00130552862222489
ENSG00000011590	ZBTB32	aparc-Desikan_rh_thickness_parsorbitalis	JTI_Brain_Amygdala	4.76527853473737	0.00691595626126906
ENSG00000011590	ZBTB32	aparc-Desikan_rh_thickness_parstriangularis	JTI_Brain_Amygdala	4.16676005928684	0.038472422751984
ENSG00000011590	ZBTB32	aparc-Desikan_rh_thickness_precuneus	JTI_Brain_Amygdala	5.033657851623	0.00275987328012779
ENSG00000011590	ZBTB32	aparc-Desikan_rh_thickness_rostralmiddlefrontal	JTI_Brain_Amygdala	6.69576736276695	1.36937329500504e-06
ENSG00000011590	ZBTB32	aparc-Desikan_rh_thickness_superiorfrontal	JTI_Brain_Amygdala	7.14183889435838	1.24766899939834e-07
ENSG00000011590	ZBTB32	aparc-Desikan_rh_thickness_superiorparietal	JTI_Brain_Amygdala	4.52487317160052	0.014757211755624
ENSG00000011590	ZBTB32	aparc-Desikan_rh_volume_frontalpole	JTI_Brain_Amygdala	4.73949147286053	0.00750112230635963
ENSG00000162989	KCNJ3	aparc-Desikan_rh_volume_insula	JTI_Brain_Amygdala	4.17504998863054	0.0376949027477784
ENSG00000011590	ZBTB32	aparc-Desikan_rh_volume_lateralorbitofrontal	JTI_Brain_Amygdala	4.21673783085005	0.0339526059746396
ENSG00000011590	ZBTB32	aparc-Desikan_rh_volume_precentral	JTI_Brain_Amygdala	4.29459554056064	0.02781116943393
ENSG00000011590	ZBTB32	aparc-Desikan_rh_volume_rostralmiddlefrontal	JTI_Brain_Amygdala	5.04620617472092	0.00264277026194276
ENSG00000011590	ZBTB32	aparc-Desikan_rh_volume_superiorfrontal	JTI_Brain_Amygdala	5.28385422861487	0.00109433926586868
ENSG00000115306	SPTBN1	aparc-Desikan_lh_area_pericalcarine	JTI_Brain_Anterior_cingulate_cortex_BA24	-4.08035739698155	0.0470473975922944
ENSG00000011590	ZBTB32	aparc-Desikan_lh_thickness_frontalpole	JTI_Brain_Anterior_cingulate_cortex_BA24	6.10540351895389	2.9452296782746e-05
ENSG00000011590	ZBTB32	aparc-Desikan_lh_thickness_GlobalMeanThickness	JTI_Brain_Anterior_cingulate_cortex_BA24	4.56195160844744	0.0131638603769213
ENSG00000011590	ZBTB32	aparc-Desikan_lh_thickness_lateralorbitofrontal	JTI_Brain_Anterior_cingulate_cortex_BA24	5.15450987109846	0.00177366740874316
ENSG00000011590	ZBTB32	aparc-Desikan_lh_thickness_parsopercularis	JTI_Brain_Anterior_cingulate_cortex_BA24	5.41083659522465	0.000655670829025531
ENSG00000105668	UPK1A	aparc-Desikan_lh_thickness_parsopercularis	JTI_Brain_Anterior_cingulate_cortex_BA24	4.41333608455956	0.0201550475753593
ENSG00000011590	ZBTB32	aparc-Desikan_lh_thickness_precuneus	JTI_Brain_Anterior_cingulate_cortex_BA24	5.09232607915429	0.00222298096099176
ENSG00000011590	ZBTB32	aparc-Desikan_lh_thickness_rostralmiddlefrontal	JTI_Brain_Anterior_cingulate_cortex_BA24	5.88039649847253	8.75978805518246e-05
ENSG00000105668	UPK1A	aparc-Desikan_lh_thickness_rostralmiddlefrontal	JTI_Brain_Anterior_cingulate_cortex_BA24	4.64709992210177	0.0102338413540307
ENSG00000011590	ZBTB32	aparc-Desikan_lh_thickness_superiorfrontal	JTI_Brain_Anterior_cingulate_cortex_BA24	6.84379936847691	6.32876405192237e-07
ENSG00000105668	UPK1A	aparc-Desikan_lh_thickness_superiorfrontal	JTI_Brain_Anterior_cingulate_cortex_BA24	4.87061221220463	0.0048115126679582
ENSG00000105668	UPK1A	aparc-Desikan_lh_volume_caudalmiddlefrontal	JTI_Brain_Anterior_cingulate_cortex_BA24	4.15415919902159	0.0396367764219703
ENSG00000115306	SPTBN1	aparc-Desikan_lh_volume_cuneus	JTI_Brain_Anterior_cingulate_cortex_BA24	-4.26405416264035	0.0301161562362508
ENSG00000011590	ZBTB32	aparc-Desikan_lh_volume_frontalpole	JTI_Brain_Anterior_cingulate_cortex_BA24	5.6836672641632	0.000209207879839739
ENSG00000105668	UPK1A	aparc-Desikan_lh_volume_frontalpole	JTI_Brain_Anterior_cingulate_cortex_BA24	4.8722748783384	0.00478506222475214
ENSG00000115306	SPTBN1	aparc-Desikan_lh_volume_pericalcarine	JTI_Brain_Anterior_cingulate_cortex_BA24	-4.60339686858759	0.0116428739200978
ENSG00000011590	ZBTB32	aparc-Desikan_lh_volume_rostralmiddlefrontal	JTI_Brain_Anterior_cingulate_cortex_BA24	5.74361256298616	0.000160820652256979
ENSG00000105668	UPK1A	aparc-Desikan_lh_volume_rostralmiddlefrontal	JTI_Brain_Anterior_cingulate_cortex_BA24	4.90445068085908	0.00425787273882626
ENSG00000011590	ZBTB32	aparc-Desikan_lh_volume_superiorfrontal	JTI_Brain_Anterior_cingulate_cortex_BA24	5.55132676200349	0.000368798456891265
ENSG00000105668	UPK1A	aparc-Desikan_lh_volume_superiorfrontal	JTI_Brain_Anterior_cingulate_cortex_BA24	4.79185999213901	0.00634342334616913
ENSG00000105668	UPK1A	aparc-Desikan_lh_volume_superiorparietal	JTI_Brain_Anterior_cingulate_cortex_BA24	4.21659478784276	0.0339644214311042
ENSG00000162989	KCNJ3	aparc-Desikan_rh_area_insula	JTI_Brain_Anterior_cingulate_cortex_BA24	4.34591540862691	0.0242654912994009
ENSG00000011590	ZBTB32	aparc-Desikan_rh_thickness_caudalmiddlefrontal	JTI_Brain_Anterior_cingulate_cortex_BA24	5.50140899956695	0.00044828812971481
ENSG00000105668	UPK1A	aparc-Desikan_rh_thickness_caudalmiddlefrontal	JTI_Brain_Anterior_cingulate_cortex_BA24	4.28862966286361	0.0282013986667611
ENSG00000011590	ZBTB32	aparc-Desikan_rh_thickness_entorhinal	JTI_Brain_Anterior_cingulate_cortex_BA24	4.95240379496274	0.00361258832794042
ENSG00000011590	ZBTB32	aparc-Desikan_rh_thickness_frontalpole	JTI_Brain_Anterior_cingulate_cortex_BA24	4.59356030957024	0.0119928048911462
ENSG00000011590	ZBTB32	aparc-Desikan_rh_thickness_GlobalMeanThickness	JTI_Brain_Anterior_cingulate_cortex_BA24	5.46219694115104	0.000527373329780457
ENSG00000011590	ZBTB32	aparc-Desikan_rh_thickness_inferiorparietal	JTI_Brain_Anterior_cingulate_cortex_BA24	4.6644122741996	0.00966259352787866
ENSG00000011590	ZBTB32	aparc-Desikan_rh_thickness_lateralorbitofrontal	JTI_Brain_Anterior_cingulate_cortex_BA24	5.18239316894238	0.00160259789123177
ENSG00000011590	ZBTB32	aparc-Desikan_rh_thickness_medialorbitofrontal	JTI_Brain_Anterior_cingulate_cortex_BA24	5.06412105495929	0.00247157576203854
ENSG00000011590	ZBTB32	aparc-Desikan_rh_thickness_paracentral	JTI_Brain_Anterior_cingulate_cortex_BA24	5.18632554191255	0.00158367195628672
ENSG00000105668	UPK1A	aparc-Desikan_rh_thickness_paracentral	JTI_Brain_Anterior_cingulate_cortex_BA24	4.0830031938679	0.0467258004272629
ENSG00000011590	ZBTB32	aparc-Desikan_rh_thickness_parsorbitalis	JTI_Brain_Anterior_cingulate_cortex_BA24	4.86550915199188	0.00490137444926898
ENSG00000011590	ZBTB32	aparc-Desikan_rh_thickness_parstriangularis	JTI_Brain_Anterior_cingulate_cortex_BA24	4.14715509394183	0.0402580928366554
ENSG00000011590	ZBTB32	aparc-Desikan_rh_thickness_precuneus	JTI_Brain_Anterior_cingulate_cortex_BA24	4.98290912360365	0.00328291414540278
ENSG00000011590	ZBTB32	aparc-Desikan_rh_thickness_rostralmiddlefrontal	JTI_Brain_Anterior_cingulate_cortex_BA24	6.70190747676772	1.31889760477743e-06
ENSG00000105668	UPK1A	aparc-Desikan_rh_thickness_rostralmiddlefrontal	JTI_Brain_Anterior_cingulate_cortex_BA24	5.29957277333142	0.00102771902747835
ENSG00000011590	ZBTB32	aparc-Desikan_rh_thickness_superiorfrontal	JTI_Brain_Anterior_cingulate_cortex_BA24	7.08328589092524	1.72795591720885e-07
ENSG00000105668	UPK1A	aparc-Desikan_rh_thickness_superiorfrontal	JTI_Brain_Anterior_cingulate_cortex_BA24	5.82369854343598	0.000111705529183622
ENSG00000011590	ZBTB32	aparc-Desikan_rh_thickness_superiorparietal	JTI_Brain_Anterior_cingulate_cortex_BA24	4.44255302927911	0.0186023162145349
ENSG00000105668	UPK1A	aparc-Desikan_rh_volume_caudalmiddlefrontal	JTI_Brain_Anterior_cingulate_cortex_BA24	4.82996684405672	0.0055342356255162
ENSG00000011590	ZBTB32	aparc-Desikan_rh_volume_frontalpole	JTI_Brain_Anterior_cingulate_cortex_BA24	4.69825992548787	0.00860318475464296
ENSG00000011590	ZBTB32	aparc-Desikan_rh_volume_lateralorbitofrontal	JTI_Brain_Anterior_cingulate_cortex_BA24	4.37095343813099	0.022593838162184
ENSG00000105668	UPK1A	aparc-Desikan_rh_volume_parsopercularis	JTI_Brain_Anterior_cingulate_cortex_BA24	4.16378873512092	0.0387485859175509
ENSG00000011590	ZBTB32	aparc-Desikan_rh_volume_precentral	JTI_Brain_Anterior_cingulate_cortex_BA24	4.2129781488759	0.034263706471589
ENSG00000105668	UPK1A	aparc-Desikan_rh_volume_precentral	JTI_Brain_Anterior_cingulate_cortex_BA24	4.12707820639093	0.0421230969858104
ENSG00000011590	ZBTB32	aparc-Desikan_rh_volume_rostralmiddlefrontal	JTI_Brain_Anterior_cingulate_cortex_BA24	5.32574583286405	0.000931528272628512
ENSG00000105668	UPK1A	aparc-Desikan_rh_volume_superiorfrontal	JTI_Brain_Anterior_cingulate_cortex_BA24	5.7595412295685	0.000150585202069784
ENSG00000011590	ZBTB32	aparc-Desikan_rh_volume_superiorfrontal	JTI_Brain_Anterior_cingulate_cortex_BA24	5.28926590263691	0.00107035376993519
ENSG00000105668	UPK1A	aparc-Desikan_rh_volume_superiorparietal	JTI_Brain_Anterior_cingulate_cortex_BA24	4.18504696524503	0.0368417391629452
ENSG00000011590	ZBTB32	aparc-Desikan_lh_thickness_frontalpole	JTI_Brain_Caudate_basal_ganglia	5.92280973254835	7.24900989519017e-05
ENSG00000011590	ZBTB32	aparc-Desikan_lh_thickness_GlobalMeanThickness	JTI_Brain_Caudate_basal_ganglia	4.44876486863381	0.0183131877457849
ENSG00000011590	ZBTB32	aparc-Desikan_lh_thickness_lateralorbitofrontal	JTI_Brain_Caudate_basal_ganglia	5.05534433727751	0.00255371750253853
ENSG00000011590	ZBTB32	aparc-Desikan_lh_thickness_parsopercularis	JTI_Brain_Caudate_basal_ganglia	5.5068271900456	0.000438711045734513
ENSG00000011590	ZBTB32	aparc-Desikan_lh_thickness_precuneus	JTI_Brain_Caudate_basal_ganglia	5.0117474323342	0.00297264779765497
ENSG00000011590	ZBTB32	aparc-Desikan_lh_thickness_rostralmiddlefrontal	JTI_Brain_Caudate_basal_ganglia	5.78682268830543	0.000132748886846799
ENSG00000011590	ZBTB32	aparc-Desikan_lh_thickness_superiorfrontal	JTI_Brain_Caudate_basal_ganglia	6.71770477606485	1.2050946682856e-06
ENSG00000011590	ZBTB32	aparc-Desikan_lh_volume_frontalpole	JTI_Brain_Caudate_basal_ganglia	5.67389497544969	0.000218369448277325
ENSG00000011590	ZBTB32	aparc-Desikan_lh_volume_rostralmiddlefrontal	JTI_Brain_Caudate_basal_ganglia	5.53312902793393	0.00039837471185882
ENSG00000011590	ZBTB32	aparc-Desikan_lh_volume_superiorfrontal	JTI_Brain_Caudate_basal_ganglia	5.60979539092474	0.000290038715983582
ENSG00000188130	MAPK12	aparc-Desikan_rh_area_inferiorparietal	JTI_Brain_Caudate_basal_ganglia	-4.11482957626208	0.0432173348195823
ENSG00000011590	ZBTB32	aparc-Desikan_rh_thickness_caudalmiddlefrontal	JTI_Brain_Caudate_basal_ganglia	5.30187864713097	0.00101795724787456
ENSG00000011590	ZBTB32	aparc-Desikan_rh_thickness_entorhinal	JTI_Brain_Caudate_basal_ganglia	4.98800598279541	0.00322456445321894
ENSG00000011590	ZBTB32	aparc-Desikan_rh_thickness_frontalpole	JTI_Brain_Caudate_basal_ganglia	4.48085095819062	0.016676042845349
ENSG00000011590	ZBTB32	aparc-Desikan_rh_thickness_GlobalMeanThickness	JTI_Brain_Caudate_basal_ganglia	5.34049601274265	0.000879825694853212
ENSG00000011590	ZBTB32	aparc-Desikan_rh_thickness_inferiorparietal	JTI_Brain_Caudate_basal_ganglia	4.57229971488753	0.0127561068993467
ENSG00000011590	ZBTB32	aparc-Desikan_rh_thickness_lateralorbitofrontal	JTI_Brain_Caudate_basal_ganglia	4.95917990158452	0.00353986272731809
ENSG00000011590	ZBTB32	aparc-Desikan_rh_thickness_medialorbitofrontal	JTI_Brain_Caudate_basal_ganglia	5.0661100915407	0.00245239380165709
ENSG00000011590	ZBTB32	aparc-Desikan_rh_thickness_paracentral	JTI_Brain_Caudate_basal_ganglia	5.16403323218839	0.00171944401578414
ENSG00000011590	ZBTB32	aparc-Desikan_rh_thickness_parsorbitalis	JTI_Brain_Caudate_basal_ganglia	4.7145515973849	0.00815320715668054
ENSG00000011590	ZBTB32	aparc-Desikan_rh_thickness_parstriangularis	JTI_Brain_Caudate_basal_ganglia	4.24693400764014	0.0314311372612684
ENSG00000011590	ZBTB32	aparc-Desikan_rh_thickness_precuneus	JTI_Brain_Caudate_basal_ganglia	4.88020113948501	0.00465290697108066
ENSG00000011590	ZBTB32	aparc-Desikan_rh_thickness_rostralmiddlefrontal	JTI_Brain_Caudate_basal_ganglia	6.59630969379923	2.25876847614376e-06
ENSG00000011590	ZBTB32	aparc-Desikan_rh_thickness_superiorfrontal	JTI_Brain_Caudate_basal_ganglia	7.00231234059866	2.82480121252945e-07
ENSG00000011590	ZBTB32	aparc-Desikan_rh_thickness_superiorparietal	JTI_Brain_Caudate_basal_ganglia	4.38483515420801	0.0218335255864334
ENSG00000011590	ZBTB32	aparc-Desikan_rh_volume_frontalpole	JTI_Brain_Caudate_basal_ganglia	4.61488416148776	0.0112969321546613
ENSG00000011590	ZBTB32	aparc-Desikan_rh_volume_lateralorbitofrontal	JTI_Brain_Caudate_basal_ganglia	4.17196889367501	0.0379852494131406
ENSG00000011590	ZBTB32	aparc-Desikan_rh_volume_precentral	JTI_Brain_Caudate_basal_ganglia	4.25073767911433	0.0310965878652664
ENSG00000011590	ZBTB32	aparc-Desikan_rh_volume_rostralmiddlefrontal	JTI_Brain_Caudate_basal_ganglia	4.88198331299399	0.00462376366791512
ENSG00000011590	ZBTB32	aparc-Desikan_rh_volume_superiorfrontal	JTI_Brain_Caudate_basal_ganglia	5.50879816678223	0.00043528364897077
ENSG00000115306	SPTBN1	aparc-Desikan_lh_area_bankssts	JTI_Brain_Cerebellar_Hemisphere	4.06011124915126	0.0493178526899518
ENSG00000115306	SPTBN1	aparc-Desikan_lh_area_cuneus	JTI_Brain_Cerebellar_Hemisphere	-5.20016160799174	0.00150920441429125
ENSG00000115306	SPTBN1	aparc-Desikan_lh_area_inferiorparietal	JTI_Brain_Cerebellar_Hemisphere	5.09916638852341	0.00218039914798828
ENSG00000115306	SPTBN1	aparc-Desikan_lh_area_pericalcarine	JTI_Brain_Cerebellar_Hemisphere	-4.80748343752054	0.00598580340341147
ENSG00000105668	UPK1A	aparc-Desikan_lh_thickness_frontalpole	JTI_Brain_Cerebellar_Hemisphere	5.51460604376627	0.00042651890755584
ENSG00000011590	ZBTB32	aparc-Desikan_lh_thickness_frontalpole	JTI_Brain_Cerebellar_Hemisphere	5.23676326084641	0.00130381323277321
ENSG00000105668	UPK1A	aparc-Desikan_lh_thickness_GlobalMeanThickness	JTI_Brain_Cerebellar_Hemisphere	4.5761052016046	0.0126187110442866
ENSG00000011590	ZBTB32	aparc-Desikan_lh_thickness_GlobalMeanThickness	JTI_Brain_Cerebellar_Hemisphere	4.09518756228868	0.0452577245895682
ENSG00000197381	ADARB1	aparc-Desikan_lh_thickness_isthmuscingulate	JTI_Brain_Cerebellar_Hemisphere	4.42718257290358	0.0193958181352542
ENSG00000105668	UPK1A	aparc-Desikan_lh_thickness_lateralorbitofrontal	JTI_Brain_Cerebellar_Hemisphere	4.98187912451097	0.0032925897407971
ENSG00000011590	ZBTB32	aparc-Desikan_lh_thickness_lateralorbitofrontal	JTI_Brain_Cerebellar_Hemisphere	4.89513153000737	0.00440750797673182
ENSG00000105668	UPK1A	aparc-Desikan_lh_thickness_parsopercularis	JTI_Brain_Cerebellar_Hemisphere	5.62283322452595	0.000272258186928424
ENSG00000011590	ZBTB32	aparc-Desikan_lh_thickness_parsopercularis	JTI_Brain_Cerebellar_Hemisphere	4.69928617141487	0.00857395432282774
ENSG00000011590	ZBTB32	aparc-Desikan_lh_thickness_precuneus	JTI_Brain_Cerebellar_Hemisphere	5.04413562657609	0.00265959946931045
ENSG00000105668	UPK1A	aparc-Desikan_lh_thickness_precuneus	JTI_Brain_Cerebellar_Hemisphere	4.88795351096153	0.00452292067390077
ENSG00000105668	UPK1A	aparc-Desikan_lh_thickness_rostralmiddlefrontal	JTI_Brain_Cerebellar_Hemisphere	5.68823001897545	0.000204827029179157
ENSG00000011590	ZBTB32	aparc-Desikan_lh_thickness_rostralmiddlefrontal	JTI_Brain_Cerebellar_Hemisphere	4.78978889726221	0.00638535089513893
ENSG00000105668	UPK1A	aparc-Desikan_lh_thickness_superiorfrontal	JTI_Brain_Cerebellar_Hemisphere	6.37159319563563	7.34047338920588e-06
ENSG00000011590	ZBTB32	aparc-Desikan_lh_thickness_superiorfrontal	JTI_Brain_Cerebellar_Hemisphere	6.27259327307697	1.22288324197457e-05
ENSG00000116062	MSH6	aparc-Desikan_lh_thickness_superiortemporal	JTI_Brain_Cerebellar_Hemisphere	4.4641665060501	0.0175036751708751
ENSG00000115306	SPTBN1	aparc-Desikan_lh_volume_cuneus	JTI_Brain_Cerebellar_Hemisphere	-5.96873758536457	5.79351927361955e-05
ENSG00000105668	UPK1A	aparc-Desikan_lh_volume_frontalpole	JTI_Brain_Cerebellar_Hemisphere	6.11070781930375	2.86617621173543e-05
ENSG00000011590	ZBTB32	aparc-Desikan_lh_volume_frontalpole	JTI_Brain_Cerebellar_Hemisphere	4.83418869860294	0.00545283615580918
ENSG00000115306	SPTBN1	aparc-Desikan_lh_volume_inferiorparietal	JTI_Brain_Cerebellar_Hemisphere	4.14849074327469	0.0401204946257206
ENSG00000115306	SPTBN1	aparc-Desikan_lh_volume_pericalcarine	JTI_Brain_Cerebellar_Hemisphere	-5.49696934503698	0.000454598124618838
ENSG00000105668	UPK1A	aparc-Desikan_lh_volume_precentral	JTI_Brain_Cerebellar_Hemisphere	4.57975262741784	0.0124939392281093
ENSG00000105668	UPK1A	aparc-Desikan_lh_volume_rostralmiddlefrontal	JTI_Brain_Cerebellar_Hemisphere	5.97008032721264	5.76238023280253e-05
ENSG00000011590	ZBTB32	aparc-Desikan_lh_volume_rostralmiddlefrontal	JTI_Brain_Cerebellar_Hemisphere	5.07975815750332	0.00233032138318532
ENSG00000105668	UPK1A	aparc-Desikan_lh_volume_superiorfrontal	JTI_Brain_Cerebellar_Hemisphere	5.40630786265477	0.000668566118055418
ENSG00000011590	ZBTB32	aparc-Desikan_lh_volume_superiorfrontal	JTI_Brain_Cerebellar_Hemisphere	5.15636885393997	0.00176128966505278
ENSG00000116062	MSH6	aparc-Desikan_lh_volume_superiortemporal	JTI_Brain_Cerebellar_Hemisphere	4.67924386809267	0.00920339741583928
ENSG00000006432	MAP3K9	aparc-Desikan_rh_area_bankssts	JTI_Brain_Cerebellar_Hemisphere	-4.201192719111	0.0352717526912013
ENSG00000115306	SPTBN1	aparc-Desikan_rh_area_pericalcarine	JTI_Brain_Cerebellar_Hemisphere	-4.57484681524116	0.0126628151955697
ENSG00000162989	KCNJ3	aparc-Desikan_rh_area_superiorfrontal	JTI_Brain_Cerebellar_Hemisphere	4.05816452599054	0.0495744902763329
ENSG00000105668	UPK1A	aparc-Desikan_rh_thickness_caudalmiddlefrontal	JTI_Brain_Cerebellar_Hemisphere	5.68990256987412	0.000203622383226526
ENSG00000011590	ZBTB32	aparc-Desikan_rh_thickness_caudalmiddlefrontal	JTI_Brain_Cerebellar_Hemisphere	5.3626717764483	0.000802737915400663
ENSG00000105668	UPK1A	aparc-Desikan_rh_thickness_entorhinal	JTI_Brain_Cerebellar_Hemisphere	4.86596737903739	0.00489442008354329
ENSG00000011590	ZBTB32	aparc-Desikan_rh_thickness_entorhinal	JTI_Brain_Cerebellar_Hemisphere	4.64623581710801	0.0102594058563505
ENSG00000105668	UPK1A	aparc-Desikan_rh_thickness_frontalpole	JTI_Brain_Cerebellar_Hemisphere	4.18773083695036	0.0365685908479515
ENSG00000105668	UPK1A	aparc-Desikan_rh_thickness_fusiform	JTI_Brain_Cerebellar_Hemisphere	4.28464366679632	0.0285240621500914
ENSG00000105668	UPK1A	aparc-Desikan_rh_thickness_GlobalMeanThickness	JTI_Brain_Cerebellar_Hemisphere	6.00826502258341	4.78330016895198e-05
ENSG00000011590	ZBTB32	aparc-Desikan_rh_thickness_GlobalMeanThickness	JTI_Brain_Cerebellar_Hemisphere	5.29047367558017	0.0010654953822448
ENSG00000105668	UPK1A	aparc-Desikan_rh_thickness_inferiorparietal	JTI_Brain_Cerebellar_Hemisphere	4.82214718298709	0.00568421251430025
ENSG00000011590	ZBTB32	aparc-Desikan_rh_thickness_inferiorparietal	JTI_Brain_Cerebellar_Hemisphere	4.32681457885784	0.0256001212212833
ENSG00000105668	UPK1A	aparc-Desikan_rh_thickness_insula	JTI_Brain_Cerebellar_Hemisphere	4.07998135858806	0.0470926919851233
ENSG00000116062	MSH6	aparc-Desikan_rh_thickness_lateraloccipital	JTI_Brain_Cerebellar_Hemisphere	4.52294411824291	0.0148268517674424
ENSG00000011590	ZBTB32	aparc-Desikan_rh_thickness_lateralorbitofrontal	JTI_Brain_Cerebellar_Hemisphere	5.12670794162503	0.00197133653414435
ENSG00000105668	UPK1A	aparc-Desikan_rh_thickness_lateralorbitofrontal	JTI_Brain_Cerebellar_Hemisphere	4.86135863114467	0.0049593248674365
ENSG00000105668	UPK1A	aparc-Desikan_rh_thickness_medialorbitofrontal	JTI_Brain_Cerebellar_Hemisphere	5.18879447347467	0.001573337096689
ENSG00000105668	UPK1A	aparc-Desikan_rh_thickness_paracentral	JTI_Brain_Cerebellar_Hemisphere	5.72305594037399	0.000175876119160922
ENSG00000011590	ZBTB32	aparc-Desikan_rh_thickness_paracentral	JTI_Brain_Cerebellar_Hemisphere	4.86216768658593	0.00495326918687659
ENSG00000105668	UPK1A	aparc-Desikan_rh_thickness_parsorbitalis	JTI_Brain_Cerebellar_Hemisphere	5.33159339107066	0.000913213452200263
ENSG00000011590	ZBTB32	aparc-Desikan_rh_thickness_parsorbitalis	JTI_Brain_Cerebellar_Hemisphere	4.80451852715594	0.00605536852674342
ENSG00000105668	UPK1A	aparc-Desikan_rh_thickness_parstriangularis	JTI_Brain_Cerebellar_Hemisphere	4.28245143414091	0.0286797875483373
ENSG00000011590	ZBTB32	aparc-Desikan_rh_thickness_parstriangularis	JTI_Brain_Cerebellar_Hemisphere	4.07969755193626	0.0471159177363533
ENSG00000105668	UPK1A	aparc-Desikan_rh_thickness_postcentral	JTI_Brain_Cerebellar_Hemisphere	4.14304281023119	0.0406418030215371
ENSG00000105668	UPK1A	aparc-Desikan_rh_thickness_posteriorcingulate	JTI_Brain_Cerebellar_Hemisphere	4.37890162662991	0.0221430680728478
ENSG00000105668	UPK1A	aparc-Desikan_rh_thickness_precentral	JTI_Brain_Cerebellar_Hemisphere	4.47074768459558	0.0171398887825134
ENSG00000105668	UPK1A	aparc-Desikan_rh_thickness_precuneus	JTI_Brain_Cerebellar_Hemisphere	5.46830022718772	0.000515428088836454
ENSG00000011590	ZBTB32	aparc-Desikan_rh_thickness_precuneus	JTI_Brain_Cerebellar_Hemisphere	4.89036749043581	0.00447776808991972
ENSG00000105668	UPK1A	aparc-Desikan_rh_thickness_rostralmiddlefrontal	JTI_Brain_Cerebellar_Hemisphere	6.90559281141139	4.6321054434031e-07
ENSG00000011590	ZBTB32	aparc-Desikan_rh_thickness_rostralmiddlefrontal	JTI_Brain_Cerebellar_Hemisphere	5.87874333863716	8.80873699754714e-05
ENSG00000105668	UPK1A	aparc-Desikan_rh_thickness_superiorfrontal	JTI_Brain_Cerebellar_Hemisphere	7.28650114953417	5.57123239028347e-08
ENSG00000011590	ZBTB32	aparc-Desikan_rh_thickness_superiorfrontal	JTI_Brain_Cerebellar_Hemisphere	6.60619074375482	2.15327617513232e-06
ENSG00000105668	UPK1A	aparc-Desikan_rh_thickness_superiorparietal	JTI_Brain_Cerebellar_Hemisphere	4.99199046786378	0.00317933383465035
ENSG00000011590	ZBTB32	aparc-Desikan_rh_thickness_superiorparietal	JTI_Brain_Cerebellar_Hemisphere	4.80623240753734	0.00601516023758508
ENSG00000116062	MSH6	aparc-Desikan_rh_thickness_superiortemporal	JTI_Brain_Cerebellar_Hemisphere	4.34948767741904	0.023997916213022
ENSG00000105668	UPK1A	aparc-Desikan_rh_volume_caudalmiddlefrontal	JTI_Brain_Cerebellar_Hemisphere	4.6949759117184	0.00870479888797427
ENSG00000115306	SPTBN1	aparc-Desikan_rh_volume_cuneus	JTI_Brain_Cerebellar_Hemisphere	-5.00930695947457	0.00299432962220747
ENSG00000105668	UPK1A	aparc-Desikan_rh_volume_frontalpole	JTI_Brain_Cerebellar_Hemisphere	4.16214600748668	0.038887102831452
ENSG00000105668	UPK1A	aparc-Desikan_rh_volume_lateralorbitofrontal	JTI_Brain_Cerebellar_Hemisphere	4.76711166177039	0.00687650959036497
ENSG00000011590	ZBTB32	aparc-Desikan_rh_volume_lateralorbitofrontal	JTI_Brain_Cerebellar_Hemisphere	4.52736230974498	0.0146342734305049
ENSG00000011590	ZBTB32	aparc-Desikan_rh_volume_parsorbitalis	JTI_Brain_Cerebellar_Hemisphere	4.52853647339369	0.014588048683202
ENSG00000115306	SPTBN1	aparc-Desikan_rh_volume_pericalcarine	JTI_Brain_Cerebellar_Hemisphere	-4.77999583724102	0.00657997836093294
ENSG00000105668	UPK1A	aparc-Desikan_rh_volume_precentral	JTI_Brain_Cerebellar_Hemisphere	5.64234123774543	0.00024862080367767
ENSG00000011590	ZBTB32	aparc-Desikan_rh_volume_precentral	JTI_Brain_Cerebellar_Hemisphere	4.80591822988329	0.00602297491719357
ENSG00000011590	ZBTB32	aparc-Desikan_rh_volume_rostralmiddlefrontal	JTI_Brain_Cerebellar_Hemisphere	5.18686386491924	0.0015823570981357
ENSG00000105668	UPK1A	aparc-Desikan_rh_volume_rostralmiddlefrontal	JTI_Brain_Cerebellar_Hemisphere	4.96294754104894	0.0035108672229183
ENSG00000105668	UPK1A	aparc-Desikan_rh_volume_superiorfrontal	JTI_Brain_Cerebellar_Hemisphere	6.18282855451665	1.99010931065905e-05
ENSG00000011590	ZBTB32	aparc-Desikan_rh_volume_superiorfrontal	JTI_Brain_Cerebellar_Hemisphere	4.78895145886656	0.00640522925667594
ENSG00000105668	UPK1A	aparc-Desikan_rh_volume_superiorparietal	JTI_Brain_Cerebellar_Hemisphere	4.10780699405918	0.0439095438014775
ENSG00000116062	MSH6	aparc-Desikan_rh_volume_superiortemporal	JTI_Brain_Cerebellar_Hemisphere	4.64615991272579	0.0102595934922305
ENSG00000115306	SPTBN1	aparc-Desikan_lh_area_bankssts	JTI_Brain_Cerebellum	4.17501123892317	0.0376949027477784
ENSG00000115306	SPTBN1	aparc-Desikan_lh_area_cuneus	JTI_Brain_Cerebellum	-5.1637925435279	0.00171961851231129
ENSG00000115306	SPTBN1	aparc-Desikan_lh_area_inferiorparietal	JTI_Brain_Cerebellum	5.27818031546218	0.00111732151956573
ENSG00000115306	SPTBN1	aparc-Desikan_lh_area_pericalcarine	JTI_Brain_Cerebellum	-4.74187593872088	0.007455154086712
ENSG00000188130	MAPK12	aparc-Desikan_lh_area_TotalSurface	JTI_Brain_Cerebellum	-4.07613830745914	0.0475107197376022
ENSG00000105668	UPK1A	aparc-Desikan_lh_thickness_frontalpole	JTI_Brain_Cerebellum	5.52875727899225	0.000404505415461133
ENSG00000011590	ZBTB32	aparc-Desikan_lh_thickness_frontalpole	JTI_Brain_Cerebellum	5.42903110919463	0.000604095492663966
ENSG00000105668	UPK1A	aparc-Desikan_lh_thickness_GlobalMeanThickness	JTI_Brain_Cerebellum	4.56368427248014	0.0130816573395296
ENSG00000197381	ADARB1	aparc-Desikan_lh_thickness_isthmuscingulate	JTI_Brain_Cerebellum	4.27091572636411	0.0295499534918528
ENSG00000105668	UPK1A	aparc-Desikan_lh_thickness_lateralorbitofrontal	JTI_Brain_Cerebellum	4.97085684724384	0.00341642837756414
ENSG00000011590	ZBTB32	aparc-Desikan_lh_thickness_lateralorbitofrontal	JTI_Brain_Cerebellum	4.76971844127983	0.00681781765270257
ENSG00000105668	UPK1A	aparc-Desikan_lh_thickness_parsopercularis	JTI_Brain_Cerebellum	5.5718112245052	0.000338050492070128
ENSG00000011590	ZBTB32	aparc-Desikan_lh_thickness_parsopercularis	JTI_Brain_Cerebellum	4.61053841868787	0.0114086778648294
ENSG00000188130	MAPK12	aparc-Desikan_lh_thickness_parsorbitalis	JTI_Brain_Cerebellum	4.10698110491464	0.043985007213637
ENSG00000105668	UPK1A	aparc-Desikan_lh_thickness_precuneus	JTI_Brain_Cerebellum	4.95260715023764	0.00361005270011009
ENSG00000011590	ZBTB32	aparc-Desikan_lh_thickness_precuneus	JTI_Brain_Cerebellum	4.67162609668601	0.00944395781009199
ENSG00000263528	IKBKE	aparc-Desikan_lh_thickness_precuneus	JTI_Brain_Cerebellum	4.08014767319116	0.0470783910460695
ENSG00000105668	UPK1A	aparc-Desikan_lh_thickness_rostralmiddlefrontal	JTI_Brain_Cerebellum	5.68852663501436	0.000204708153468068
ENSG00000011590	ZBTB32	aparc-Desikan_lh_thickness_rostralmiddlefrontal	JTI_Brain_Cerebellum	5.12022564444376	0.00202149839128782
ENSG00000105668	UPK1A	aparc-Desikan_lh_thickness_superiorfrontal	JTI_Brain_Cerebellum	6.46104563869759	4.50911465949305e-06
ENSG00000011590	ZBTB32	aparc-Desikan_lh_thickness_superiorfrontal	JTI_Brain_Cerebellum	6.16915968824881	2.13742438770196e-05
ENSG00000115306	SPTBN1	aparc-Desikan_lh_volume_cuneus	JTI_Brain_Cerebellum	-5.91148534374011	7.59589185235286e-05
ENSG00000105668	UPK1A	aparc-Desikan_lh_volume_frontalpole	JTI_Brain_Cerebellum	6.016617374687	4.60021395170089e-05
ENSG00000011590	ZBTB32	aparc-Desikan_lh_volume_frontalpole	JTI_Brain_Cerebellum	4.97676077241013	0.00334389182761525
ENSG00000115306	SPTBN1	aparc-Desikan_lh_volume_inferiorparietal	JTI_Brain_Cerebellum	4.15392525134138	0.0396479452883117
ENSG00000115306	SPTBN1	aparc-Desikan_lh_volume_pericalcarine	JTI_Brain_Cerebellum	-5.47697356911887	0.000495497488549736
ENSG00000105668	UPK1A	aparc-Desikan_lh_volume_precentral	JTI_Brain_Cerebellum	4.4847607752249	0.0164646822431811
ENSG00000105668	UPK1A	aparc-Desikan_lh_volume_rostralmiddlefrontal	JTI_Brain_Cerebellum	5.92367998843684	7.23380737038536e-05
ENSG00000011590	ZBTB32	aparc-Desikan_lh_volume_rostralmiddlefrontal	JTI_Brain_Cerebellum	5.16158473740092	0.00173402165774909
ENSG00000105668	UPK1A	aparc-Desikan_lh_volume_superiorfrontal	JTI_Brain_Cerebellum	5.43813714600442	0.000583557746571413
ENSG00000011590	ZBTB32	aparc-Desikan_lh_volume_superiorfrontal	JTI_Brain_Cerebellum	4.95630509277032	0.00356881892174017
ENSG00000006432	MAP3K9	aparc-Desikan_rh_area_bankssts	JTI_Brain_Cerebellum	-4.10203712411589	0.0445014924159041
ENSG00000188130	MAPK12	aparc-Desikan_rh_area_inferiorparietal	JTI_Brain_Cerebellum	-4.22064854577214	0.033563001262896
ENSG00000115306	SPTBN1	aparc-Desikan_rh_area_pericalcarine	JTI_Brain_Cerebellum	-4.40486672962415	0.0206113836116753
ENSG00000188130	MAPK12	aparc-Desikan_rh_area_TotalSurface	JTI_Brain_Cerebellum	-4.22205540443323	0.0334587704506629
ENSG00000105668	UPK1A	aparc-Desikan_rh_thickness_caudalmiddlefrontal	JTI_Brain_Cerebellum	5.70770304315629	0.000188665274876596
ENSG00000011590	ZBTB32	aparc-Desikan_rh_thickness_caudalmiddlefrontal	JTI_Brain_Cerebellum	5.61860844229249	0.000277844366750806
ENSG00000105668	UPK1A	aparc-Desikan_rh_thickness_entorhinal	JTI_Brain_Cerebellum	4.86141773705311	0.0049593248674365
ENSG00000011590	ZBTB32	aparc-Desikan_rh_thickness_entorhinal	JTI_Brain_Cerebellum	4.27398309460961	0.0293415096488837
ENSG00000011590	ZBTB32	aparc-Desikan_rh_thickness_frontalpole	JTI_Brain_Cerebellum	4.1321249157821	0.0416142057576861
ENSG00000105668	UPK1A	aparc-Desikan_rh_thickness_fusiform	JTI_Brain_Cerebellum	4.26738455615363	0.0298072022108391
ENSG00000105668	UPK1A	aparc-Desikan_rh_thickness_GlobalMeanThickness	JTI_Brain_Cerebellum	5.90832276614999	7.70706125857478e-05
ENSG00000011590	ZBTB32	aparc-Desikan_rh_thickness_GlobalMeanThickness	JTI_Brain_Cerebellum	5.29831037105117	0.00103293785966902
ENSG00000105668	UPK1A	aparc-Desikan_rh_thickness_inferiorparietal	JTI_Brain_Cerebellum	4.79006070221157	0.006378406103729
ENSG00000011590	ZBTB32	aparc-Desikan_rh_thickness_inferiorparietal	JTI_Brain_Cerebellum	4.28130338916445	0.0287747294411319
ENSG00000011590	ZBTB32	aparc-Desikan_rh_thickness_lateralorbitofrontal	JTI_Brain_Cerebellum	5.16520804979755	0.00171258709179067
ENSG00000105668	UPK1A	aparc-Desikan_rh_thickness_lateralorbitofrontal	JTI_Brain_Cerebellum	4.80162302159676	0.00611985301411685
ENSG00000105668	UPK1A	aparc-Desikan_rh_thickness_medialorbitofrontal	JTI_Brain_Cerebellum	5.12731953058948	0.00196769376522033
ENSG00000011590	ZBTB32	aparc-Desikan_rh_thickness_medialorbitofrontal	JTI_Brain_Cerebellum	4.37620864240093	0.022284772478189
ENSG00000105668	UPK1A	aparc-Desikan_rh_thickness_paracentral	JTI_Brain_Cerebellum	5.59534693680031	0.000305466293234493
ENSG00000011590	ZBTB32	aparc-Desikan_rh_thickness_paracentral	JTI_Brain_Cerebellum	4.98281195698343	0.00328336540431048
ENSG00000105668	UPK1A	aparc-Desikan_rh_thickness_parsorbitalis	JTI_Brain_Cerebellum	5.2425268665067	0.00127734984515415
ENSG00000011590	ZBTB32	aparc-Desikan_rh_thickness_parsorbitalis	JTI_Brain_Cerebellum	4.71161155773077	0.00822650863367932
ENSG00000105668	UPK1A	aparc-Desikan_rh_thickness_parstriangularis	JTI_Brain_Cerebellum	4.25607795854782	0.030655077305306
ENSG00000105668	UPK1A	aparc-Desikan_rh_thickness_posteriorcingulate	JTI_Brain_Cerebellum	4.37234391323229	0.0225236974274985
ENSG00000105668	UPK1A	aparc-Desikan_rh_thickness_precentral	JTI_Brain_Cerebellum	4.39458074302343	0.021240695009577
ENSG00000105668	UPK1A	aparc-Desikan_rh_thickness_precuneus	JTI_Brain_Cerebellum	5.46583383441955	0.000518183044609103
ENSG00000011590	ZBTB32	aparc-Desikan_rh_thickness_precuneus	JTI_Brain_Cerebellum	4.94406468368292	0.00372204067656654
ENSG00000105668	UPK1A	aparc-Desikan_rh_thickness_rostralmiddlefrontal	JTI_Brain_Cerebellum	6.84009584804556	6.45765694578212e-07
ENSG00000011590	ZBTB32	aparc-Desikan_rh_thickness_rostralmiddlefrontal	JTI_Brain_Cerebellum	6.22940724578145	1.54573699895811e-05
ENSG00000105668	UPK1A	aparc-Desikan_rh_thickness_superiorfrontal	JTI_Brain_Cerebellum	7.29909171275685	5.37522849770355e-08
ENSG00000011590	ZBTB32	aparc-Desikan_rh_thickness_superiorfrontal	JTI_Brain_Cerebellum	6.93227278816838	3.99156633031117e-07
ENSG00000105668	UPK1A	aparc-Desikan_rh_thickness_superiorparietal	JTI_Brain_Cerebellum	4.84497766523809	0.00526948401293818
ENSG00000011590	ZBTB32	aparc-Desikan_rh_thickness_superiorparietal	JTI_Brain_Cerebellum	4.50636444507201	0.0155057076542458
ENSG00000105668	UPK1A	aparc-Desikan_rh_volume_caudalmiddlefrontal	JTI_Brain_Cerebellum	4.60554605754253	0.0115732298946449
ENSG00000115306	SPTBN1	aparc-Desikan_rh_volume_cuneus	JTI_Brain_Cerebellum	-5.02729200975417	0.00281247915289438
ENSG00000011590	ZBTB32	aparc-Desikan_rh_volume_frontalpole	JTI_Brain_Cerebellum	4.44592431851864	0.0184554485177921
ENSG00000105668	UPK1A	aparc-Desikan_rh_volume_frontalpole	JTI_Brain_Cerebellum	4.06579018061133	0.0487099142491769
ENSG00000105668	UPK1A	aparc-Desikan_rh_volume_lateralorbitofrontal	JTI_Brain_Cerebellum	4.69743042657144	0.00863030474931408
ENSG00000011590	ZBTB32	aparc-Desikan_rh_volume_lateralorbitofrontal	JTI_Brain_Cerebellum	4.22863866770885	0.0329056961806571
ENSG00000115306	SPTBN1	aparc-Desikan_rh_volume_pericalcarine	JTI_Brain_Cerebellum	-4.7496924287517	0.00727436982104596
ENSG00000105668	UPK1A	aparc-Desikan_rh_volume_precentral	JTI_Brain_Cerebellum	5.49661479873864	0.000454615739105208
ENSG00000011590	ZBTB32	aparc-Desikan_rh_volume_precentral	JTI_Brain_Cerebellum	4.35102344214247	0.0239034170559721
ENSG00000011590	ZBTB32	aparc-Desikan_rh_volume_rostralmiddlefrontal	JTI_Brain_Cerebellum	5.03833960358332	0.00271163580190264
ENSG00000105668	UPK1A	aparc-Desikan_rh_volume_rostralmiddlefrontal	JTI_Brain_Cerebellum	4.91044475175539	0.00416800429638654
ENSG00000105668	UPK1A	aparc-Desikan_rh_volume_superiorfrontal	JTI_Brain_Cerebellum	6.09063902867543	3.1793882293248e-05
ENSG00000011590	ZBTB32	aparc-Desikan_rh_volume_superiorfrontal	JTI_Brain_Cerebellum	4.75851064582012	0.00707276307707858
ENSG00000115306	SPTBN1	aparc-Desikan_lh_area_pericalcarine	JTI_Brain_Cortex	-4.12170748625769	0.0425696783164419
ENSG00000011590	ZBTB32	aparc-Desikan_lh_thickness_frontalpole	JTI_Brain_Cortex	6.20741817996566	1.75776552395865e-05
ENSG00000105668	UPK1A	aparc-Desikan_lh_thickness_frontalpole	JTI_Brain_Cortex	4.15789261770432	0.0393212019531532
ENSG00000011590	ZBTB32	aparc-Desikan_lh_thickness_GlobalMeanThickness	JTI_Brain_Cortex	4.56166794253617	0.0131690055478535
ENSG00000011590	ZBTB32	aparc-Desikan_lh_thickness_lateralorbitofrontal	JTI_Brain_Cortex	5.25260561219608	0.00122714463759275
ENSG00000011590	ZBTB32	aparc-Desikan_lh_thickness_parsopercularis	JTI_Brain_Cortex	5.32511279985284	0.000933573686622506
ENSG00000105668	UPK1A	aparc-Desikan_lh_thickness_parsopercularis	JTI_Brain_Cortex	4.4939359135615	0.0160468213725047
ENSG00000011590	ZBTB32	aparc-Desikan_lh_thickness_precuneus	JTI_Brain_Cortex	5.09083936542998	0.00223064745498545
ENSG00000011590	ZBTB32	aparc-Desikan_lh_thickness_rostralmiddlefrontal	JTI_Brain_Cortex	5.94961899021313	6.36933926576297e-05
ENSG00000105668	UPK1A	aparc-Desikan_lh_thickness_rostralmiddlefrontal	JTI_Brain_Cortex	4.77181023348458	0.00677177161785633
ENSG00000011590	ZBTB32	aparc-Desikan_lh_thickness_superiorfrontal	JTI_Brain_Cortex	6.8939548071079	4.9320933911371e-07
ENSG00000105668	UPK1A	aparc-Desikan_lh_thickness_superiorfrontal	JTI_Brain_Cortex	5.07098681175011	0.00240930848241791
ENSG00000105668	UPK1A	aparc-Desikan_lh_volume_caudalmiddlefrontal	JTI_Brain_Cortex	4.22996429115431	0.0328166375670093
ENSG00000011590	ZBTB32	aparc-Desikan_lh_volume_frontalpole	JTI_Brain_Cortex	5.65253852075774	0.000238993410033637
ENSG00000105668	UPK1A	aparc-Desikan_lh_volume_frontalpole	JTI_Brain_Cortex	4.98851989287853	0.00322311758512554
ENSG00000115306	SPTBN1	aparc-Desikan_lh_volume_pericalcarine	JTI_Brain_Cortex	-4.41129085722387	0.0202594861996363
ENSG00000011590	ZBTB32	aparc-Desikan_lh_volume_rostralmiddlefrontal	JTI_Brain_Cortex	5.70002681092189	0.000195046106296541
ENSG00000105668	UPK1A	aparc-Desikan_lh_volume_rostralmiddlefrontal	JTI_Brain_Cortex	4.92081027328614	0.0040234442174207
ENSG00000011590	ZBTB32	aparc-Desikan_lh_volume_superiorfrontal	JTI_Brain_Cortex	5.52991645829421	0.000402544694007188
ENSG00000105668	UPK1A	aparc-Desikan_lh_volume_superiorfrontal	JTI_Brain_Cortex	4.99871490816747	0.00310729668816698
ENSG00000105668	UPK1A	aparc-Desikan_lh_volume_superiorparietal	JTI_Brain_Cortex	4.20392986637373	0.0350570530574677
ENSG00000162989	KCNJ3	aparc-Desikan_rh_area_insula	JTI_Brain_Cortex	4.12721578044344	0.0421112275945376
ENSG00000162989	KCNJ3	aparc-Desikan_rh_area_superiorfrontal	JTI_Brain_Cortex	4.11863884552072	0.0428530116749334
ENSG00000011590	ZBTB32	aparc-Desikan_rh_thickness_caudalmiddlefrontal	JTI_Brain_Cortex	5.65134247125561	0.000240157029079189
ENSG00000105668	UPK1A	aparc-Desikan_rh_thickness_caudalmiddlefrontal	JTI_Brain_Cortex	4.5375608964265	0.0142085399581929
ENSG00000011590	ZBTB32	aparc-Desikan_rh_thickness_entorhinal	JTI_Brain_Cortex	4.99659756681477	0.00313148322402936
ENSG00000011590	ZBTB32	aparc-Desikan_rh_thickness_frontalpole	JTI_Brain_Cortex	4.77290687707077	0.00674544148864444
ENSG00000011590	ZBTB32	aparc-Desikan_rh_thickness_GlobalMeanThickness	JTI_Brain_Cortex	5.5445919759618	0.000379496604212761
ENSG00000105668	UPK1A	aparc-Desikan_rh_thickness_GlobalMeanThickness	JTI_Brain_Cortex	4.14372797805274	0.0405642071787169
ENSG00000011590	ZBTB32	aparc-Desikan_rh_thickness_inferiorparietal	JTI_Brain_Cortex	4.63756619941174	0.0105300174859726
ENSG00000011590	ZBTB32	aparc-Desikan_rh_thickness_lateralorbitofrontal	JTI_Brain_Cortex	5.31737943781001	0.00096172825672482
ENSG00000011590	ZBTB32	aparc-Desikan_rh_thickness_medialorbitofrontal	JTI_Brain_Cortex	5.10247646899774	0.0021531344263186
ENSG00000105668	UPK1A	aparc-Desikan_rh_thickness_medialorbitofrontal	JTI_Brain_Cortex	4.15979906406117	0.0391278484751264
ENSG00000011590	ZBTB32	aparc-Desikan_rh_thickness_paracentral	JTI_Brain_Cortex	5.16808210188826	0.0016935310925793
ENSG00000105668	UPK1A	aparc-Desikan_rh_thickness_paracentral	JTI_Brain_Cortex	4.21402002065875	0.0341814081022162
ENSG00000011590	ZBTB32	aparc-Desikan_rh_thickness_parsorbitalis	JTI_Brain_Cortex	4.87671163635535	0.00471575779338587
ENSG00000011590	ZBTB32	aparc-Desikan_rh_thickness_parstriangularis	JTI_Brain_Cortex	4.193026096603	0.0360546246153808
ENSG00000011590	ZBTB32	aparc-Desikan_rh_thickness_precuneus	JTI_Brain_Cortex	5.05644579418048	0.00254640410472074
ENSG00000011590	ZBTB32	aparc-Desikan_rh_thickness_rostralmiddlefrontal	JTI_Brain_Cortex	6.80051053041173	7.83843152179365e-07
ENSG00000105668	UPK1A	aparc-Desikan_rh_thickness_rostralmiddlefrontal	JTI_Brain_Cortex	5.52645003604818	0.000408787600269702
ENSG00000011590	ZBTB32	aparc-Desikan_rh_thickness_superiorfrontal	JTI_Brain_Cortex	7.19157461486992	9.48257763520595e-08
ENSG00000105668	UPK1A	aparc-Desikan_rh_thickness_superiorfrontal	JTI_Brain_Cortex	6.02167089517299	4.55117398352668e-05
ENSG00000011590	ZBTB32	aparc-Desikan_rh_thickness_superiorparietal	JTI_Brain_Cortex	4.64848206716968	0.0101892440908462
ENSG00000105668	UPK1A	aparc-Desikan_rh_volume_caudalmiddlefrontal	JTI_Brain_Cortex	4.86394853864086	0.00492988301365537
ENSG00000011590	ZBTB32	aparc-Desikan_rh_volume_frontalpole	JTI_Brain_Cortex	4.76936940196388	0.00682227210292963
ENSG00000011590	ZBTB32	aparc-Desikan_rh_volume_lateralorbitofrontal	JTI_Brain_Cortex	4.40428129589935	0.0206478880608913
ENSG00000105668	UPK1A	aparc-Desikan_rh_volume_parsopercularis	JTI_Brain_Cortex	4.15544960171165	0.0395146948571611
ENSG00000105668	UPK1A	aparc-Desikan_rh_volume_precentral	JTI_Brain_Cortex	4.30548647161968	0.0270687888370415
ENSG00000011590	ZBTB32	aparc-Desikan_rh_volume_precentral	JTI_Brain_Cortex	4.29647354995087	0.0276602996399456
ENSG00000011590	ZBTB32	aparc-Desikan_rh_volume_rostralmiddlefrontal	JTI_Brain_Cortex	5.31382596202348	0.000973867839514541
ENSG00000105668	UPK1A	aparc-Desikan_rh_volume_superiorfrontal	JTI_Brain_Cortex	5.97364090588821	5.66815000712965e-05
ENSG00000011590	ZBTB32	aparc-Desikan_rh_volume_superiorfrontal	JTI_Brain_Cortex	5.24613173910406	0.00125883980212436
ENSG00000105668	UPK1A	aparc-Desikan_rh_volume_superiorparietal	JTI_Brain_Cortex	4.27675361422595	0.0291276402697278
ENSG00000011590	ZBTB32	aparc-Desikan_lh_thickness_frontalpole	JTI_Brain_Frontal_Cortex_BA9	6.12636805837896	2.64586373057785e-05
ENSG00000011590	ZBTB32	aparc-Desikan_lh_thickness_GlobalMeanThickness	JTI_Brain_Frontal_Cortex_BA9	4.58477984242173	0.0123028440370569
ENSG00000011590	ZBTB32	aparc-Desikan_lh_thickness_lateralorbitofrontal	JTI_Brain_Frontal_Cortex_BA9	5.23210169327653	0.00132754666712602
ENSG00000011590	ZBTB32	aparc-Desikan_lh_thickness_parsopercularis	JTI_Brain_Frontal_Cortex_BA9	5.37455365017251	0.000764065292116227
ENSG00000011590	ZBTB32	aparc-Desikan_lh_thickness_precuneus	JTI_Brain_Frontal_Cortex_BA9	5.09074173829445	0.00223064745498545
ENSG00000011590	ZBTB32	aparc-Desikan_lh_thickness_rostralmiddlefrontal	JTI_Brain_Frontal_Cortex_BA9	5.90440329634865	7.85593495084936e-05
ENSG00000011590	ZBTB32	aparc-Desikan_lh_thickness_superiorfrontal	JTI_Brain_Frontal_Cortex_BA9	6.85311635211476	5.9638775408117e-07
ENSG00000011590	ZBTB32	aparc-Desikan_lh_volume_frontalpole	JTI_Brain_Frontal_Cortex_BA9	5.67655696861612	0.000216414314415442
ENSG00000011590	ZBTB32	aparc-Desikan_lh_volume_rostralmiddlefrontal	JTI_Brain_Frontal_Cortex_BA9	5.73649661808637	0.000166436512967072
ENSG00000011590	ZBTB32	aparc-Desikan_lh_volume_superiorfrontal	JTI_Brain_Frontal_Cortex_BA9	5.52480669346767	0.00041191461362094
ENSG00000175662	TOM1L2	aparc-Desikan_rh_area_supramarginal	JTI_Brain_Frontal_Cortex_BA9	4.17611840582064	0.0376160185403344
ENSG00000011590	ZBTB32	aparc-Desikan_rh_thickness_caudalmiddlefrontal	JTI_Brain_Frontal_Cortex_BA9	5.54343617492298	0.000380986204032248
ENSG00000011590	ZBTB32	aparc-Desikan_rh_thickness_entorhinal	JTI_Brain_Frontal_Cortex_BA9	4.9593195096428	0.00353869174566938
ENSG00000011590	ZBTB32	aparc-Desikan_rh_thickness_frontalpole	JTI_Brain_Frontal_Cortex_BA9	4.71156317016562	0.00822650863367932
ENSG00000011590	ZBTB32	aparc-Desikan_rh_thickness_GlobalMeanThickness	JTI_Brain_Frontal_Cortex_BA9	5.49968190186958	0.000450461890651035
ENSG00000011590	ZBTB32	aparc-Desikan_rh_thickness_inferiorparietal	JTI_Brain_Frontal_Cortex_BA9	4.61497166210922	0.0112966923837804
ENSG00000011590	ZBTB32	aparc-Desikan_rh_thickness_lateralorbitofrontal	JTI_Brain_Frontal_Cortex_BA9	5.23148799329735	0.00132829915713375
ENSG00000011590	ZBTB32	aparc-Desikan_rh_thickness_medialorbitofrontal	JTI_Brain_Frontal_Cortex_BA9	5.07228650212711	0.00239798934882403
ENSG00000011590	ZBTB32	aparc-Desikan_rh_thickness_paracentral	JTI_Brain_Frontal_Cortex_BA9	5.18705680758361	0.00158234966327113
ENSG00000011590	ZBTB32	aparc-Desikan_rh_thickness_parsorbitalis	JTI_Brain_Frontal_Cortex_BA9	4.87015264250251	0.0048163790633945
ENSG00000011590	ZBTB32	aparc-Desikan_rh_thickness_parstriangularis	JTI_Brain_Frontal_Cortex_BA9	4.14297914983568	0.0406418030215371
ENSG00000011590	ZBTB32	aparc-Desikan_rh_thickness_precuneus	JTI_Brain_Frontal_Cortex_BA9	5.02795520321876	0.00280843490369764
ENSG00000011590	ZBTB32	aparc-Desikan_rh_thickness_rostralmiddlefrontal	JTI_Brain_Frontal_Cortex_BA9	6.72536916766985	1.17538828042685e-06
ENSG00000011590	ZBTB32	aparc-Desikan_rh_thickness_superiorfrontal	JTI_Brain_Frontal_Cortex_BA9	7.12741668696741	1.37263631465048e-07
ENSG00000105668	UPK1A	aparc-Desikan_rh_thickness_superiorfrontal	JTI_Brain_Frontal_Cortex_BA9	4.16871345532832	0.038300350356526
ENSG00000011590	ZBTB32	aparc-Desikan_rh_thickness_superiorparietal	JTI_Brain_Frontal_Cortex_BA9	4.56878611684791	0.0128586844837743
ENSG00000011590	ZBTB32	aparc-Desikan_rh_volume_frontalpole	JTI_Brain_Frontal_Cortex_BA9	4.73548943899868	0.00758962270315638
ENSG00000011590	ZBTB32	aparc-Desikan_rh_volume_lateralorbitofrontal	JTI_Brain_Frontal_Cortex_BA9	4.40555244235601	0.0205857289420172
ENSG00000011590	ZBTB32	aparc-Desikan_rh_volume_precentral	JTI_Brain_Frontal_Cortex_BA9	4.28070956211907	0.0288242424091976
ENSG00000011590	ZBTB32	aparc-Desikan_rh_volume_rostralmiddlefrontal	JTI_Brain_Frontal_Cortex_BA9	5.29991359661336	0.00102643523682596
ENSG00000011590	ZBTB32	aparc-Desikan_rh_volume_superiorfrontal	JTI_Brain_Frontal_Cortex_BA9	5.25829992348195	0.00119495896018196
ENSG00000011590	ZBTB32	aparc-Desikan_lh_thickness_frontalpole	JTI_Brain_Hippocampus	6.00441644218756	4.88080346418568e-05
ENSG00000011590	ZBTB32	aparc-Desikan_lh_thickness_GlobalMeanThickness	JTI_Brain_Hippocampus	4.58274180617972	0.0123907059054819
ENSG00000011590	ZBTB32	aparc-Desikan_lh_thickness_lateralorbitofrontal	JTI_Brain_Hippocampus	5.18336104615308	0.0015983799084227
ENSG00000011590	ZBTB32	aparc-Desikan_lh_thickness_parsopercularis	JTI_Brain_Hippocampus	5.5163001421221	0.000423870327955919
ENSG00000105668	UPK1A	aparc-Desikan_lh_thickness_parsopercularis	JTI_Brain_Hippocampus	4.51979128329642	0.0149431276251595
ENSG00000011590	ZBTB32	aparc-Desikan_lh_thickness_precuneus	JTI_Brain_Hippocampus	5.09516927545385	0.00220143702350571
ENSG00000011590	ZBTB32	aparc-Desikan_lh_thickness_rostralmiddlefrontal	JTI_Brain_Hippocampus	5.84552067320982	0.000102000041759444
ENSG00000105668	UPK1A	aparc-Desikan_lh_thickness_rostralmiddlefrontal	JTI_Brain_Hippocampus	4.74978827930753	0.00727273111595213
ENSG00000011590	ZBTB32	aparc-Desikan_lh_thickness_superiorfrontal	JTI_Brain_Hippocampus	6.81284992490937	7.30923052976414e-07
ENSG00000105668	UPK1A	aparc-Desikan_lh_thickness_superiorfrontal	JTI_Brain_Hippocampus	5.00257049929679	0.00306575550486808
ENSG00000105668	UPK1A	aparc-Desikan_lh_volume_caudalmiddlefrontal	JTI_Brain_Hippocampus	4.08839093585445	0.0461043680152229
ENSG00000115306	SPTBN1	aparc-Desikan_lh_volume_cuneus	JTI_Brain_Hippocampus	-4.23387845007099	0.0325347208214439
ENSG00000011590	ZBTB32	aparc-Desikan_lh_volume_frontalpole	JTI_Brain_Hippocampus	5.6984156024156	0.000196675067702327
ENSG00000105668	UPK1A	aparc-Desikan_lh_volume_frontalpole	JTI_Brain_Hippocampus	4.93750223184715	0.00379177111193154
ENSG00000115306	SPTBN1	aparc-Desikan_lh_volume_pericalcarine	JTI_Brain_Hippocampus	-4.30207976721623	0.0272833327153793
ENSG00000011590	ZBTB32	aparc-Desikan_lh_volume_rostralmiddlefrontal	JTI_Brain_Hippocampus	5.57852728026779	0.000327396581916579
ENSG00000105668	UPK1A	aparc-Desikan_lh_volume_rostralmiddlefrontal	JTI_Brain_Hippocampus	4.75253884565809	0.00720191448026966
ENSG00000011590	ZBTB32	aparc-Desikan_lh_volume_superiorfrontal	JTI_Brain_Hippocampus	5.49816395238098	0.00045286253332292
ENSG00000105668	UPK1A	aparc-Desikan_lh_volume_superiorfrontal	JTI_Brain_Hippocampus	4.93738726216417	0.0037927408866829
ENSG00000105668	UPK1A	aparc-Desikan_lh_volume_superiorparietal	JTI_Brain_Hippocampus	4.34132663253266	0.0245959305695273
ENSG00000162989	KCNJ3	aparc-Desikan_rh_area_insula	JTI_Brain_Hippocampus	4.08413808634121	0.0465846060585101
ENSG00000011590	ZBTB32	aparc-Desikan_rh_thickness_caudalmiddlefrontal	JTI_Brain_Hippocampus	5.39821181792096	0.000692923549802609
ENSG00000105668	UPK1A	aparc-Desikan_rh_thickness_caudalmiddlefrontal	JTI_Brain_Hippocampus	4.31752037303008	0.0262368728996597
ENSG00000011590	ZBTB32	aparc-Desikan_rh_thickness_entorhinal	JTI_Brain_Hippocampus	4.94159470882257	0.00374552245368534
ENSG00000011590	ZBTB32	aparc-Desikan_rh_thickness_frontalpole	JTI_Brain_Hippocampus	4.58492476005917	0.0122989509086174
ENSG00000011590	ZBTB32	aparc-Desikan_rh_thickness_GlobalMeanThickness	JTI_Brain_Hippocampus	5.44002525992214	0.000579742007068515
ENSG00000105668	UPK1A	aparc-Desikan_rh_thickness_GlobalMeanThickness	JTI_Brain_Hippocampus	4.0985899928528	0.0448967423341694
ENSG00000011590	ZBTB32	aparc-Desikan_rh_thickness_inferiorparietal	JTI_Brain_Hippocampus	4.6125179609427	0.0113717572768795
ENSG00000011590	ZBTB32	aparc-Desikan_rh_thickness_lateralorbitofrontal	JTI_Brain_Hippocampus	5.04304090962319	0.00267052414445183
ENSG00000011590	ZBTB32	aparc-Desikan_rh_thickness_medialorbitofrontal	JTI_Brain_Hippocampus	5.05514951500705	0.00255526818036926
ENSG00000105668	UPK1A	aparc-Desikan_rh_thickness_medialorbitofrontal	JTI_Brain_Hippocampus	4.09353255665816	0.0454487466136614
ENSG00000011590	ZBTB32	aparc-Desikan_rh_thickness_paracentral	JTI_Brain_Hippocampus	5.23823923798895	0.00129870648942146
ENSG00000105668	UPK1A	aparc-Desikan_rh_thickness_paracentral	JTI_Brain_Hippocampus	4.22465842866036	0.0332689486551014
ENSG00000011590	ZBTB32	aparc-Desikan_rh_thickness_parsorbitalis	JTI_Brain_Hippocampus	4.77421296113717	0.00670927470204873
ENSG00000011590	ZBTB32	aparc-Desikan_rh_thickness_parstriangularis	JTI_Brain_Hippocampus	4.19824634555089	0.0355778827585447
ENSG00000011590	ZBTB32	aparc-Desikan_rh_thickness_precuneus	JTI_Brain_Hippocampus	5.00474999374928	0.00304621578011883
ENSG00000011590	ZBTB32	aparc-Desikan_rh_thickness_rostralmiddlefrontal	JTI_Brain_Hippocampus	6.65465980177224	1.65770214313415e-06
ENSG00000105668	UPK1A	aparc-Desikan_rh_thickness_rostralmiddlefrontal	JTI_Brain_Hippocampus	5.43246726966282	0.00059611434095725
ENSG00000011590	ZBTB32	aparc-Desikan_rh_thickness_superiorfrontal	JTI_Brain_Hippocampus	7.10647396752675	1.48878003665598e-07
ENSG00000105668	UPK1A	aparc-Desikan_rh_thickness_superiorfrontal	JTI_Brain_Hippocampus	5.97359963949843	5.66815000712965e-05
ENSG00000011590	ZBTB32	aparc-Desikan_rh_thickness_superiorparietal	JTI_Brain_Hippocampus	4.49107817135829	0.0161783835295648
ENSG00000105668	UPK1A	aparc-Desikan_rh_volume_caudalmiddlefrontal	JTI_Brain_Hippocampus	4.78060010735003	0.0065673335523959
ENSG00000011590	ZBTB32	aparc-Desikan_rh_volume_frontalpole	JTI_Brain_Hippocampus	4.71864897585811	0.0080389541611199
ENSG00000011590	ZBTB32	aparc-Desikan_rh_volume_lateralorbitofrontal	JTI_Brain_Hippocampus	4.21791744765809	0.0338336041261157
ENSG00000105668	UPK1A	aparc-Desikan_rh_volume_parsopercularis	JTI_Brain_Hippocampus	4.13236689416366	0.0415990469446952
ENSG00000011590	ZBTB32	aparc-Desikan_rh_volume_precentral	JTI_Brain_Hippocampus	4.28725315198553	0.0283072605172629
ENSG00000105668	UPK1A	aparc-Desikan_rh_volume_precentral	JTI_Brain_Hippocampus	4.15718118360294	0.0393861424417704
ENSG00000011590	ZBTB32	aparc-Desikan_rh_volume_rostralmiddlefrontal	JTI_Brain_Hippocampus	5.01671932778292	0.00292574546643674
ENSG00000105668	UPK1A	aparc-Desikan_rh_volume_superiorfrontal	JTI_Brain_Hippocampus	5.8794742484707	8.79562237768155e-05
ENSG00000011590	ZBTB32	aparc-Desikan_rh_volume_superiorfrontal	JTI_Brain_Hippocampus	5.33180275684534	0.000912757151977664
ENSG00000105668	UPK1A	aparc-Desikan_rh_volume_superiorparietal	JTI_Brain_Hippocampus	4.31466106470104	0.0264266360837479
ENSG00000011590	ZBTB32	aparc-Desikan_lh_thickness_frontalpole	JTI_Brain_Hypothalamus	6.00924497479712	4.76293991046264e-05
ENSG00000011590	ZBTB32	aparc-Desikan_lh_thickness_GlobalMeanThickness	JTI_Brain_Hypothalamus	4.59514740052108	0.0119270266840227
ENSG00000011590	ZBTB32	aparc-Desikan_lh_thickness_lateralorbitofrontal	JTI_Brain_Hypothalamus	5.2006683523781	0.00150646954675685
ENSG00000011590	ZBTB32	aparc-Desikan_lh_thickness_parsopercularis	JTI_Brain_Hypothalamus	5.5209128966476	0.000416441088657728
ENSG00000011590	ZBTB32	aparc-Desikan_lh_thickness_precuneus	JTI_Brain_Hypothalamus	5.09857947989532	0.00218422033428275
ENSG00000011590	ZBTB32	aparc-Desikan_lh_thickness_rostralmiddlefrontal	JTI_Brain_Hypothalamus	5.86185732997196	9.45943022008752e-05
ENSG00000011590	ZBTB32	aparc-Desikan_lh_thickness_superiorfrontal	JTI_Brain_Hypothalamus	6.82079778448318	7.11726193762467e-07
ENSG00000115306	SPTBN1	aparc-Desikan_lh_volume_cuneus	JTI_Brain_Hypothalamus	-4.19215962849113	0.0361267420152106
ENSG00000011590	ZBTB32	aparc-Desikan_lh_volume_frontalpole	JTI_Brain_Hypothalamus	5.69462423779047	0.000199478292132356
ENSG00000011590	ZBTB32	aparc-Desikan_lh_volume_rostralmiddlefrontal	JTI_Brain_Hypothalamus	5.58209239338857	0.000321964423649079
ENSG00000011590	ZBTB32	aparc-Desikan_lh_volume_superiorfrontal	JTI_Brain_Hypothalamus	5.4826535010187	0.00048526133291928
ENSG00000011590	ZBTB32	aparc-Desikan_rh_thickness_caudalmiddlefrontal	JTI_Brain_Hypothalamus	5.41254797024933	0.000651805023946911
ENSG00000011590	ZBTB32	aparc-Desikan_rh_thickness_entorhinal	JTI_Brain_Hypothalamus	4.93085849867376	0.00387579573129989
ENSG00000011590	ZBTB32	aparc-Desikan_rh_thickness_frontalpole	JTI_Brain_Hypothalamus	4.61001259915947	0.0114237680337864
ENSG00000011590	ZBTB32	aparc-Desikan_rh_thickness_GlobalMeanThickness	JTI_Brain_Hypothalamus	5.44746302180412	0.00056226901344578
ENSG00000011590	ZBTB32	aparc-Desikan_rh_thickness_inferiorparietal	JTI_Brain_Hypothalamus	4.6067437468054	0.0115313404378804
ENSG00000011590	ZBTB32	aparc-Desikan_rh_thickness_lateralorbitofrontal	JTI_Brain_Hypothalamus	5.05749890199519	0.00253764661116607
ENSG00000011590	ZBTB32	aparc-Desikan_rh_thickness_medialorbitofrontal	JTI_Brain_Hypothalamus	5.05982921386996	0.00251624939048105
ENSG00000011590	ZBTB32	aparc-Desikan_rh_thickness_paracentral	JTI_Brain_Hypothalamus	5.24061974049199	0.0012868639401014
ENSG00000011590	ZBTB32	aparc-Desikan_rh_thickness_parsorbitalis	JTI_Brain_Hypothalamus	4.76946586912481	0.00682227210292963
ENSG00000011590	ZBTB32	aparc-Desikan_rh_thickness_parstriangularis	JTI_Brain_Hypothalamus	4.18974323566269	0.036344691903092
ENSG00000011590	ZBTB32	aparc-Desikan_rh_thickness_precuneus	JTI_Brain_Hypothalamus	5.01559327587201	0.00293218437461919
ENSG00000011590	ZBTB32	aparc-Desikan_rh_thickness_rostralmiddlefrontal	JTI_Brain_Hypothalamus	6.66844523054132	1.54056532560151e-06
ENSG00000011590	ZBTB32	aparc-Desikan_rh_thickness_superiorfrontal	JTI_Brain_Hypothalamus	7.12178360942565	1.40369742709952e-07
ENSG00000011590	ZBTB32	aparc-Desikan_rh_thickness_superiorparietal	JTI_Brain_Hypothalamus	4.50147806661785	0.0156987453255502
ENSG00000011590	ZBTB32	aparc-Desikan_rh_volume_frontalpole	JTI_Brain_Hypothalamus	4.72877850092206	0.0077752362467889
ENSG00000011590	ZBTB32	aparc-Desikan_rh_volume_lateralorbitofrontal	JTI_Brain_Hypothalamus	4.21213273259959	0.0343232485681139
ENSG00000011590	ZBTB32	aparc-Desikan_rh_volume_precentral	JTI_Brain_Hypothalamus	4.28944929972617	0.0281638502298044
ENSG00000011590	ZBTB32	aparc-Desikan_rh_volume_rostralmiddlefrontal	JTI_Brain_Hypothalamus	5.01996635998278	0.00288836197341366
ENSG00000011590	ZBTB32	aparc-Desikan_rh_volume_superiorfrontal	JTI_Brain_Hypothalamus	5.31273342106714	0.00097910823646519
ENSG00000011590	ZBTB32	aparc-Desikan_lh_thickness_caudalmiddlefrontal	JTI_Brain_Nucleus_accumbens_basal_ganglia	4.06775343374019	0.0484681940911835
ENSG00000011590	ZBTB32	aparc-Desikan_lh_thickness_frontalpole	JTI_Brain_Nucleus_accumbens_basal_ganglia	6.26982233011406	1.23595241068412e-05
ENSG00000105668	UPK1A	aparc-Desikan_lh_thickness_frontalpole	JTI_Brain_Nucleus_accumbens_basal_ganglia	4.79345075935498	0.00630679414227716
ENSG00000011590	ZBTB32	aparc-Desikan_lh_thickness_GlobalMeanThickness	JTI_Brain_Nucleus_accumbens_basal_ganglia	4.55308437925472	0.0134970612373589
ENSG00000011590	ZBTB32	aparc-Desikan_lh_thickness_lateralorbitofrontal	JTI_Brain_Nucleus_accumbens_basal_ganglia	5.28032281392425	0.00111029286467247
ENSG00000105668	UPK1A	aparc-Desikan_lh_thickness_lateralorbitofrontal	JTI_Brain_Nucleus_accumbens_basal_ganglia	4.58183850635193	0.0124233398677598
ENSG00000011590	ZBTB32	aparc-Desikan_lh_thickness_parsopercularis	JTI_Brain_Nucleus_accumbens_basal_ganglia	5.31847781323727	0.000957769425193315
ENSG00000105668	UPK1A	aparc-Desikan_lh_thickness_parsopercularis	JTI_Brain_Nucleus_accumbens_basal_ganglia	5.14613097595968	0.00183157722960873
ENSG00000011590	ZBTB32	aparc-Desikan_lh_thickness_precuneus	JTI_Brain_Nucleus_accumbens_basal_ganglia	5.13145814371108	0.00193573869781957
ENSG00000105668	UPK1A	aparc-Desikan_lh_thickness_precuneus	JTI_Brain_Nucleus_accumbens_basal_ganglia	4.18621200091738	0.0367381770045263
ENSG00000011590	ZBTB32	aparc-Desikan_lh_thickness_rostralmiddlefrontal	JTI_Brain_Nucleus_accumbens_basal_ganglia	5.99291999707632	5.17470485487873e-05
ENSG00000105668	UPK1A	aparc-Desikan_lh_thickness_rostralmiddlefrontal	JTI_Brain_Nucleus_accumbens_basal_ganglia	5.26213206107021	0.00118616786424228
ENSG00000011590	ZBTB32	aparc-Desikan_lh_thickness_superiorfrontal	JTI_Brain_Nucleus_accumbens_basal_ganglia	6.9340842767276	3.96738419459159e-07
ENSG00000105668	UPK1A	aparc-Desikan_lh_thickness_superiorfrontal	JTI_Brain_Nucleus_accumbens_basal_ganglia	5.58405663196247	0.000318948910956179
ENSG00000011590	ZBTB32	aparc-Desikan_lh_volume_frontalpole	JTI_Brain_Nucleus_accumbens_basal_ganglia	5.67317372928294	0.000218644908270801
ENSG00000105668	UPK1A	aparc-Desikan_lh_volume_frontalpole	JTI_Brain_Nucleus_accumbens_basal_ganglia	5.66926918011206	0.000221452494591487
ENSG00000105668	UPK1A	aparc-Desikan_lh_volume_rostralmiddlefrontal	JTI_Brain_Nucleus_accumbens_basal_ganglia	5.91566400226379	7.4637399493649e-05
ENSG00000011590	ZBTB32	aparc-Desikan_lh_volume_rostralmiddlefrontal	JTI_Brain_Nucleus_accumbens_basal_ganglia	5.70100556831018	0.000194149506656379
ENSG00000011590	ZBTB32	aparc-Desikan_lh_volume_superiorfrontal	JTI_Brain_Nucleus_accumbens_basal_ganglia	5.5115195083525	0.000431137453962561
ENSG00000105668	UPK1A	aparc-Desikan_lh_volume_superiorfrontal	JTI_Brain_Nucleus_accumbens_basal_ganglia	4.80068986369684	0.00614059253534633
ENSG00000116062	MSH6	aparc-Desikan_lh_volume_superiortemporal	JTI_Brain_Nucleus_accumbens_basal_ganglia	4.29294875787649	0.0279235046216308
ENSG00000011590	ZBTB32	aparc-Desikan_rh_thickness_caudalmiddlefrontal	JTI_Brain_Nucleus_accumbens_basal_ganglia	5.75496637049158	0.000153266872208255
ENSG00000105668	UPK1A	aparc-Desikan_rh_thickness_caudalmiddlefrontal	JTI_Brain_Nucleus_accumbens_basal_ganglia	4.76508976997715	0.00691923406956073
ENSG00000011590	ZBTB32	aparc-Desikan_rh_thickness_entorhinal	JTI_Brain_Nucleus_accumbens_basal_ganglia	5.0094193936363	0.00299432962220747
ENSG00000105668	UPK1A	aparc-Desikan_rh_thickness_entorhinal	JTI_Brain_Nucleus_accumbens_basal_ganglia	4.62895701587779	0.0108287036822967
ENSG00000011590	ZBTB32	aparc-Desikan_rh_thickness_frontalpole	JTI_Brain_Nucleus_accumbens_basal_ganglia	4.81198913965866	0.00589418089910608
ENSG00000011590	ZBTB32	aparc-Desikan_rh_thickness_GlobalMeanThickness	JTI_Brain_Nucleus_accumbens_basal_ganglia	5.6022849084494	0.000298724701605532
ENSG00000105668	UPK1A	aparc-Desikan_rh_thickness_GlobalMeanThickness	JTI_Brain_Nucleus_accumbens_basal_ganglia	4.91295093258801	0.00413619493209108
ENSG00000011590	ZBTB32	aparc-Desikan_rh_thickness_inferiorparietal	JTI_Brain_Nucleus_accumbens_basal_ganglia	4.69412866439178	0.00872706255876578
ENSG00000011590	ZBTB32	aparc-Desikan_rh_thickness_lateralorbitofrontal	JTI_Brain_Nucleus_accumbens_basal_ganglia	5.39475105089373	0.000700003014490725
ENSG00000105668	UPK1A	aparc-Desikan_rh_thickness_lateralorbitofrontal	JTI_Brain_Nucleus_accumbens_basal_ganglia	4.12183029166667	0.0425575442154896
ENSG00000011590	ZBTB32	aparc-Desikan_rh_thickness_medialorbitofrontal	JTI_Brain_Nucleus_accumbens_basal_ganglia	5.14615711510639	0.00183157722960873
ENSG00000105668	UPK1A	aparc-Desikan_rh_thickness_medialorbitofrontal	JTI_Brain_Nucleus_accumbens_basal_ganglia	4.82577552339603	0.00560695585336026
ENSG00000011590	ZBTB32	aparc-Desikan_rh_thickness_paracentral	JTI_Brain_Nucleus_accumbens_basal_ganglia	5.19794560942849	0.00152066410725539
ENSG00000105668	UPK1A	aparc-Desikan_rh_thickness_paracentral	JTI_Brain_Nucleus_accumbens_basal_ganglia	4.9884405015883	0.00322325321376453
ENSG00000011590	ZBTB32	aparc-Desikan_rh_thickness_parsorbitalis	JTI_Brain_Nucleus_accumbens_basal_ganglia	4.8945683156815	0.00441405686719602
ENSG00000105668	UPK1A	aparc-Desikan_rh_thickness_parsorbitalis	JTI_Brain_Nucleus_accumbens_basal_ganglia	4.73880746735517	0.00750930015864192
ENSG00000011590	ZBTB32	aparc-Desikan_rh_thickness_parstriangularis	JTI_Brain_Nucleus_accumbens_basal_ganglia	4.25238465153387	0.030928420948042
ENSG00000011590	ZBTB32	aparc-Desikan_rh_thickness_precuneus	JTI_Brain_Nucleus_accumbens_basal_ganglia	5.10495326650952	0.00213563013681311
ENSG00000105668	UPK1A	aparc-Desikan_rh_thickness_precuneus	JTI_Brain_Nucleus_accumbens_basal_ganglia	4.58002198211137	0.0124915485650657
ENSG00000011590	ZBTB32	aparc-Desikan_rh_thickness_rostralmiddlefrontal	JTI_Brain_Nucleus_accumbens_basal_ganglia	6.88257836832591	5.11596147590909e-07
ENSG00000105668	UPK1A	aparc-Desikan_rh_thickness_rostralmiddlefrontal	JTI_Brain_Nucleus_accumbens_basal_ganglia	6.29644028857357	1.09235213977651e-05
ENSG00000011590	ZBTB32	aparc-Desikan_rh_thickness_superiorfrontal	JTI_Brain_Nucleus_accumbens_basal_ganglia	7.29143430571077	5.43726038036213e-08
ENSG00000105668	UPK1A	aparc-Desikan_rh_thickness_superiorfrontal	JTI_Brain_Nucleus_accumbens_basal_ganglia	6.40025353527145	6.29292563675984e-06
ENSG00000011590	ZBTB32	aparc-Desikan_rh_thickness_superiorparietal	JTI_Brain_Nucleus_accumbens_basal_ganglia	4.71549384888205	0.00812874296267552
ENSG00000105668	UPK1A	aparc-Desikan_rh_thickness_superiorparietal	JTI_Brain_Nucleus_accumbens_basal_ganglia	4.22366153762644	0.0333480683080369
ENSG00000105668	UPK1A	aparc-Desikan_rh_volume_caudalmiddlefrontal	JTI_Brain_Nucleus_accumbens_basal_ganglia	4.70296559963305	0.00849054063397752
ENSG00000011590	ZBTB32	aparc-Desikan_rh_volume_frontalpole	JTI_Brain_Nucleus_accumbens_basal_ganglia	4.7961418424976	0.00625116648563194
ENSG00000011590	ZBTB32	aparc-Desikan_rh_volume_lateralorbitofrontal	JTI_Brain_Nucleus_accumbens_basal_ganglia	4.40910327556721	0.0203840049488732
ENSG00000105668	UPK1A	aparc-Desikan_rh_volume_lateralorbitofrontal	JTI_Brain_Nucleus_accumbens_basal_ganglia	4.38335841477432	0.0219357013675245
ENSG00000105668	UPK1A	aparc-Desikan_rh_volume_precentral	JTI_Brain_Nucleus_accumbens_basal_ganglia	4.61136295705554	0.0113964565828737
ENSG00000011590	ZBTB32	aparc-Desikan_rh_volume_precentral	JTI_Brain_Nucleus_accumbens_basal_ganglia	4.33266801085365	0.0251727240340905
ENSG00000011590	ZBTB32	aparc-Desikan_rh_volume_rostralmiddlefrontal	JTI_Brain_Nucleus_accumbens_basal_ganglia	5.33033624446552	0.000915439720138131
ENSG00000105668	UPK1A	aparc-Desikan_rh_volume_rostralmiddlefrontal	JTI_Brain_Nucleus_accumbens_basal_ganglia	4.68495900040231	0.00902662778216191
ENSG00000105668	UPK1A	aparc-Desikan_rh_volume_superiorfrontal	JTI_Brain_Nucleus_accumbens_basal_ganglia	5.89487340119647	8.18388676870999e-05
ENSG00000011590	ZBTB32	aparc-Desikan_rh_volume_superiorfrontal	JTI_Brain_Nucleus_accumbens_basal_ganglia	5.27501512332994	0.00113138170913191
ENSG00000105668	UPK1A	aparc-Desikan_rh_volume_superiorparietal	JTI_Brain_Nucleus_accumbens_basal_ganglia	4.22849700334363	0.0329232099101298
ENSG00000115306	SPTBN1	aparc-Desikan_lh_area_pericalcarine	JTI_Brain_Putamen_basal_ganglia	-4.15726276789702	0.0393860839082906
ENSG00000105668	UPK1A	aparc-Desikan_lh_thickness_frontalpole	JTI_Brain_Putamen_basal_ganglia	4.7064383323219	0.00837040526906313
ENSG00000105668	UPK1A	aparc-Desikan_lh_thickness_lateralorbitofrontal	JTI_Brain_Putamen_basal_ganglia	4.54260063866636	0.0139707581018481
ENSG00000105668	UPK1A	aparc-Desikan_lh_thickness_parsopercularis	JTI_Brain_Putamen_basal_ganglia	5.13381861814545	0.00192007621663973
ENSG00000105668	UPK1A	aparc-Desikan_lh_thickness_precuneus	JTI_Brain_Putamen_basal_ganglia	4.15205534829012	0.0398119518896252
ENSG00000105668	UPK1A	aparc-Desikan_lh_thickness_rostralmiddlefrontal	JTI_Brain_Putamen_basal_ganglia	5.23894730908766	0.0012956772743739
ENSG00000105668	UPK1A	aparc-Desikan_lh_thickness_superiorfrontal	JTI_Brain_Putamen_basal_ganglia	5.56238040669764	0.000351267580059087
ENSG00000115306	SPTBN1	aparc-Desikan_lh_volume_cuneus	JTI_Brain_Putamen_basal_ganglia	-4.2647565880389	0.0300435387510201
ENSG00000105668	UPK1A	aparc-Desikan_lh_volume_frontalpole	JTI_Brain_Putamen_basal_ganglia	5.5627874058057	0.000351094412455472
ENSG00000115306	SPTBN1	aparc-Desikan_lh_volume_pericalcarine	JTI_Brain_Putamen_basal_ganglia	-4.4830898602347	0.0165577769450615
ENSG00000105668	UPK1A	aparc-Desikan_lh_volume_rostralmiddlefrontal	JTI_Brain_Putamen_basal_ganglia	5.83558263256899	0.000105955330937785
ENSG00000105668	UPK1A	aparc-Desikan_lh_volume_superiorfrontal	JTI_Brain_Putamen_basal_ganglia	4.73315682594584	0.00764324902001294
ENSG00000105668	UPK1A	aparc-Desikan_rh_thickness_caudalmiddlefrontal	JTI_Brain_Putamen_basal_ganglia	4.64331778181723	0.0103464054806214
ENSG00000105668	UPK1A	aparc-Desikan_rh_thickness_entorhinal	JTI_Brain_Putamen_basal_ganglia	4.61770103284684	0.0112052144146613
ENSG00000105668	UPK1A	aparc-Desikan_rh_thickness_GlobalMeanThickness	JTI_Brain_Putamen_basal_ganglia	4.81903707125481	0.0057481719380091
ENSG00000105668	UPK1A	aparc-Desikan_rh_thickness_medialorbitofrontal	JTI_Brain_Putamen_basal_ganglia	4.76288049384305	0.00697067286070318
ENSG00000105668	UPK1A	aparc-Desikan_rh_thickness_paracentral	JTI_Brain_Putamen_basal_ganglia	4.82331798989967	0.00566312938351059
ENSG00000105668	UPK1A	aparc-Desikan_rh_thickness_parsorbitalis	JTI_Brain_Putamen_basal_ganglia	4.64422069298305	0.0103294814763257
ENSG00000105668	UPK1A	aparc-Desikan_rh_thickness_precuneus	JTI_Brain_Putamen_basal_ganglia	4.49164900147043	0.016160972850983
ENSG00000105668	UPK1A	aparc-Desikan_rh_thickness_rostralmiddlefrontal	JTI_Brain_Putamen_basal_ganglia	6.20765974999933	1.75776552395865e-05
ENSG00000105668	UPK1A	aparc-Desikan_rh_thickness_superiorfrontal	JTI_Brain_Putamen_basal_ganglia	6.30254316706084	1.06186114500304e-05
ENSG00000105668	UPK1A	aparc-Desikan_rh_thickness_superiorparietal	JTI_Brain_Putamen_basal_ganglia	4.11537885969032	0.0431739618854921
ENSG00000105668	UPK1A	aparc-Desikan_rh_volume_caudalmiddlefrontal	JTI_Brain_Putamen_basal_ganglia	4.53695693163218	0.0142319557360399
ENSG00000105668	UPK1A	aparc-Desikan_rh_volume_lateralorbitofrontal	JTI_Brain_Putamen_basal_ganglia	4.35546197994512	0.0236216162572991
ENSG00000105668	UPK1A	aparc-Desikan_rh_volume_precentral	JTI_Brain_Putamen_basal_ganglia	4.41503346078006	0.0200691753051026
ENSG00000105668	UPK1A	aparc-Desikan_rh_volume_rostralmiddlefrontal	JTI_Brain_Putamen_basal_ganglia	4.67517662467099	0.00933233037791585
ENSG00000105668	UPK1A	aparc-Desikan_rh_volume_superiorfrontal	JTI_Brain_Putamen_basal_ganglia	5.66614716927189	0.000224557503675054
ENSG00000105668	UPK1A	aparc-Desikan_rh_volume_superiorparietal	JTI_Brain_Putamen_basal_ganglia	4.18569184708607	0.0367892366738678
ENSG00000115306	SPTBN1	aparc-Desikan_lh_area_pericalcarine	JTI_Brain_Spinal_cord_cervical_c-1	-4.16441208114687	0.0386921744399432
ENSG00000011590	ZBTB32	aparc-Desikan_lh_thickness_frontalpole	JTI_Brain_Spinal_cord_cervical_c-1	5.85372638702392	9.86160728944373e-05
ENSG00000011590	ZBTB32	aparc-Desikan_lh_thickness_GlobalMeanThickness	JTI_Brain_Spinal_cord_cervical_c-1	4.37968873977661	0.022114696702991
ENSG00000011590	ZBTB32	aparc-Desikan_lh_thickness_lateralorbitofrontal	JTI_Brain_Spinal_cord_cervical_c-1	4.97400236129761	0.00337565927927294
ENSG00000011590	ZBTB32	aparc-Desikan_lh_thickness_parsopercularis	JTI_Brain_Spinal_cord_cervical_c-1	5.52249002456665	0.000414501124329837
ENSG00000011590	ZBTB32	aparc-Desikan_lh_thickness_precuneus	JTI_Brain_Spinal_cord_cervical_c-1	4.94914102554321	0.00365985589587301
ENSG00000011590	ZBTB32	aparc-Desikan_lh_thickness_rostralmiddlefrontal	JTI_Brain_Spinal_cord_cervical_c-1	5.75913238525391	0.000150645275646079
ENSG00000011590	ZBTB32	aparc-Desikan_lh_thickness_superiorfrontal	JTI_Brain_Spinal_cord_cervical_c-1	6.5974006652832	2.25153042809911e-06
ENSG00000115306	SPTBN1	aparc-Desikan_lh_volume_cuneus	JTI_Brain_Spinal_cord_cervical_c-1	-4.49091860843496	0.0161821006540108
ENSG00000011590	ZBTB32	aparc-Desikan_lh_volume_frontalpole	JTI_Brain_Spinal_cord_cervical_c-1	5.65194272994995	0.000239571307944211
ENSG00000115306	SPTBN1	aparc-Desikan_lh_volume_pericalcarine	JTI_Brain_Spinal_cord_cervical_c-1	-4.74180877438635	0.0074554372248803
ENSG00000011590	ZBTB32	aparc-Desikan_lh_volume_rostralmiddlefrontal	JTI_Brain_Spinal_cord_cervical_c-1	5.5467267036438	0.000375567904028361
ENSG00000011590	ZBTB32	aparc-Desikan_lh_volume_superiorfrontal	JTI_Brain_Spinal_cord_cervical_c-1	5.65055084228516	0.000240739485653773
ENSG00000011590	ZBTB32	aparc-Desikan_rh_thickness_caudalmiddlefrontal	JTI_Brain_Spinal_cord_cervical_c-1	5.23703479766846	0.00130334537681814
ENSG00000011590	ZBTB32	aparc-Desikan_rh_thickness_entorhinal	JTI_Brain_Spinal_cord_cervical_c-1	5.01638412475586	0.00292710941297422
ENSG00000011590	ZBTB32	aparc-Desikan_rh_thickness_frontalpole	JTI_Brain_Spinal_cord_cervical_c-1	4.46627378463745	0.0173871387006778
ENSG00000011590	ZBTB32	aparc-Desikan_rh_thickness_GlobalMeanThickness	JTI_Brain_Spinal_cord_cervical_c-1	5.28505277633667	0.00108916688251838
ENSG00000011590	ZBTB32	aparc-Desikan_rh_thickness_inferiorparietal	JTI_Brain_Spinal_cord_cervical_c-1	4.52958345413208	0.014548295882321
ENSG00000011590	ZBTB32	aparc-Desikan_rh_thickness_lateralorbitofrontal	JTI_Brain_Spinal_cord_cervical_c-1	4.86140441894531	0.0049593248674365
ENSG00000011590	ZBTB32	aparc-Desikan_rh_thickness_medialorbitofrontal	JTI_Brain_Spinal_cord_cervical_c-1	5.1023530960083	0.00215357581301543
ENSG00000011590	ZBTB32	aparc-Desikan_rh_thickness_paracentral	JTI_Brain_Spinal_cord_cervical_c-1	5.10728740692139	0.00212223591936773
ENSG00000011590	ZBTB32	aparc-Desikan_rh_thickness_parsorbitalis	JTI_Brain_Spinal_cord_cervical_c-1	4.65577888488769	0.00994142277482175
ENSG00000011590	ZBTB32	aparc-Desikan_rh_thickness_parstriangularis	JTI_Brain_Spinal_cord_cervical_c-1	4.25275135040283	0.0308997809207432
ENSG00000011590	ZBTB32	aparc-Desikan_rh_thickness_precuneus	JTI_Brain_Spinal_cord_cervical_c-1	4.82313632965088	0.0056650129402737
ENSG00000011590	ZBTB32	aparc-Desikan_rh_thickness_rostralmiddlefrontal	JTI_Brain_Spinal_cord_cervical_c-1	6.57689905166626	2.49947488395017e-06
ENSG00000105668	UPK1A	aparc-Desikan_rh_thickness_rostralmiddlefrontal	JTI_Brain_Spinal_cord_cervical_c-1	4.55868655804026	0.0132867860551928
ENSG00000011590	ZBTB32	aparc-Desikan_rh_thickness_superiorfrontal	JTI_Brain_Spinal_cord_cervical_c-1	6.88396978378296	5.11596147590909e-07
ENSG00000105668	UPK1A	aparc-Desikan_rh_thickness_superiorfrontal	JTI_Brain_Spinal_cord_cervical_c-1	4.92737317047918	0.00392488163334909
ENSG00000011590	ZBTB32	aparc-Desikan_rh_thickness_superiorparietal	JTI_Brain_Spinal_cord_cervical_c-1	4.36210441589355	0.0231684241372803
ENSG00000011590	ZBTB32	aparc-Desikan_rh_volume_frontalpole	JTI_Brain_Spinal_cord_cervical_c-1	4.561842918396	0.0131655302991683
ENSG00000011590	ZBTB32	aparc-Desikan_rh_volume_lateralorbitofrontal	JTI_Brain_Spinal_cord_cervical_c-1	4.1373291015625	0.0411558571250213
ENSG00000011590	ZBTB32	aparc-Desikan_rh_volume_precentral	JTI_Brain_Spinal_cord_cervical_c-1	4.22732448577881	0.0330211737672485
ENSG00000011590	ZBTB32	aparc-Desikan_rh_volume_rostralmiddlefrontal	JTI_Brain_Spinal_cord_cervical_c-1	4.81428050994873	0.00584300595585133
ENSG00000011590	ZBTB32	aparc-Desikan_rh_volume_superiorfrontal	JTI_Brain_Spinal_cord_cervical_c-1	5.62954711914062	0.000263992956505996
ENSG00000105668	UPK1A	aparc-Desikan_rh_volume_superiorfrontal	JTI_Brain_Spinal_cord_cervical_c-1	4.21889062727193	0.0337136866109953
ENSG00000105668	UPK1A	aparc-Desikan_lh_thickness_parsopercularis	JTI_Brain_Substantia_nigra	4.5988884502329	0.0117918647204992
ENSG00000105668	UPK1A	aparc-Desikan_lh_thickness_rostralmiddlefrontal	JTI_Brain_Substantia_nigra	4.89850538949677	0.0043542763080297
ENSG00000105668	UPK1A	aparc-Desikan_lh_thickness_superiorfrontal	JTI_Brain_Substantia_nigra	5.08370104060749	0.00229228122519044
ENSG00000115306	SPTBN1	aparc-Desikan_lh_volume_cuneus	JTI_Brain_Substantia_nigra	-4.2235961902696	0.0333480683080369
ENSG00000105668	UPK1A	aparc-Desikan_lh_volume_frontalpole	JTI_Brain_Substantia_nigra	4.55012362308907	0.0136349687977018
ENSG00000115306	SPTBN1	aparc-Desikan_lh_volume_pericalcarine	JTI_Brain_Substantia_nigra	-4.53232426057477	0.0144415797345636
ENSG00000105668	UPK1A	aparc-Desikan_lh_volume_rostralmiddlefrontal	JTI_Brain_Substantia_nigra	4.5515577208105	0.0135687723836392
ENSG00000105668	UPK1A	aparc-Desikan_lh_volume_superiorfrontal	JTI_Brain_Substantia_nigra	4.854569357651	0.00508433603910163
ENSG00000105668	UPK1A	aparc-Desikan_lh_volume_superiorparietal	JTI_Brain_Substantia_nigra	4.35176407626426	0.0238669574009097
ENSG00000105668	UPK1A	aparc-Desikan_rh_thickness_caudalmiddlefrontal	JTI_Brain_Substantia_nigra	4.23003222685704	0.0328143801398636
ENSG00000105668	UPK1A	aparc-Desikan_rh_thickness_rostralmiddlefrontal	JTI_Brain_Substantia_nigra	5.39490624626803	0.000700003014490725
ENSG00000105668	UPK1A	aparc-Desikan_rh_thickness_superiorfrontal	JTI_Brain_Substantia_nigra	5.86803651431838	9.17838534249771e-05
ENSG00000105668	UPK1A	aparc-Desikan_rh_volume_caudalmiddlefrontal	JTI_Brain_Substantia_nigra	4.39146423481081	0.0213935477692368
ENSG00000105668	UPK1A	aparc-Desikan_rh_volume_parsopercularis	JTI_Brain_Substantia_nigra	4.0577672756502	0.0496207725475969
ENSG00000105668	UPK1A	aparc-Desikan_rh_volume_superiorfrontal	JTI_Brain_Substantia_nigra	5.44628682788518	0.00056513179047103
ENSG00000115808	STRN	aparc-Desikan_lh_area_paracentral	JTI_Colon_Sigmoid	-4.69033522547079	0.00884626621236743
ENSG00000188130	MAPK12	aparc-Desikan_lh_area_precentral	JTI_Colon_Sigmoid	-4.2160737499418	0.0340201647505745
ENSG00000115808	STRN	aparc-Desikan_lh_area_superiorfrontal	JTI_Colon_Sigmoid	-4.44525004351868	0.0184862838174743
ENSG00000011590	ZBTB32	aparc-Desikan_lh_thickness_frontalpole	JTI_Colon_Sigmoid	6.02291062422101	4.53909128206781e-05
ENSG00000115808	STRN	aparc-Desikan_lh_thickness_fusiform	JTI_Colon_Sigmoid	4.61676108208957	0.0112447589536906
ENSG00000011590	ZBTB32	aparc-Desikan_lh_thickness_GlobalMeanThickness	JTI_Colon_Sigmoid	4.60623699951408	0.0115481277930204
ENSG00000011590	ZBTB32	aparc-Desikan_lh_thickness_inferiorparietal	JTI_Colon_Sigmoid	4.06797072949382	0.0484471411719372
ENSG00000011590	ZBTB32	aparc-Desikan_lh_thickness_lateralorbitofrontal	JTI_Colon_Sigmoid	5.26757172491247	0.0011643948031332
ENSG00000188130	MAPK12	aparc-Desikan_lh_thickness_lateralorbitofrontal	JTI_Colon_Sigmoid	4.1106413257528	0.0436378550445104
ENSG00000011590	ZBTB32	aparc-Desikan_lh_thickness_parsopercularis	JTI_Colon_Sigmoid	5.49572234964945	0.000456029121396338
ENSG00000188130	MAPK12	aparc-Desikan_lh_thickness_parsorbitalis	JTI_Colon_Sigmoid	4.07752426083109	0.0473653728764321
ENSG00000011590	ZBTB32	aparc-Desikan_lh_thickness_precuneus	JTI_Colon_Sigmoid	5.12271272334452	0.00200054313943123
ENSG00000115808	STRN	aparc-Desikan_lh_thickness_precuneus	JTI_Colon_Sigmoid	4.09927019117623	0.0448315559190913
ENSG00000011590	ZBTB32	aparc-Desikan_lh_thickness_rostralmiddlefrontal	JTI_Colon_Sigmoid	5.8908752379431	8.34633928059403e-05
ENSG00000115808	STRN	aparc-Desikan_lh_thickness_rostralmiddlefrontal	JTI_Colon_Sigmoid	4.58844481351701	0.0121744836449333
ENSG00000011590	ZBTB32	aparc-Desikan_lh_thickness_superiorfrontal	JTI_Colon_Sigmoid	6.80578459790177	7.63650494975399e-07
ENSG00000011590	ZBTB32	aparc-Desikan_lh_volume_frontalpole	JTI_Colon_Sigmoid	5.69446310250141	0.000199478292132356
ENSG00000203668	CHML	aparc-Desikan_lh_volume_paracentral	JTI_Colon_Sigmoid	-4.09173024370353	0.0456562304824249
ENSG00000011590	ZBTB32	aparc-Desikan_lh_volume_rostralmiddlefrontal	JTI_Colon_Sigmoid	5.58947527167203	0.000313000825321722
ENSG00000011590	ZBTB32	aparc-Desikan_lh_volume_superiorfrontal	JTI_Colon_Sigmoid	5.51799172966102	0.000421969868413673
ENSG00000188130	MAPK12	aparc-Desikan_rh_area_inferiorparietal	JTI_Colon_Sigmoid	-4.11850900028438	0.0428667124801138
ENSG00000188130	MAPK12	aparc-Desikan_rh_area_precentral	JTI_Colon_Sigmoid	-4.10750459091489	0.0439471168610527
ENSG00000115808	STRN	aparc-Desikan_rh_area_superiorfrontal	JTI_Colon_Sigmoid	-4.15277837878872	0.0397523984917304
ENSG00000188130	MAPK12	aparc-Desikan_rh_area_TotalSurface	JTI_Colon_Sigmoid	-4.30229177052137	0.0272705332003705
ENSG00000011590	ZBTB32	aparc-Desikan_rh_thickness_caudalmiddlefrontal	JTI_Colon_Sigmoid	5.55738333781859	0.000359487754876321
ENSG00000011590	ZBTB32	aparc-Desikan_rh_thickness_entorhinal	JTI_Colon_Sigmoid	4.90947961817812	0.00418684192439089
ENSG00000011590	ZBTB32	aparc-Desikan_rh_thickness_frontalpole	JTI_Colon_Sigmoid	4.74848055852807	0.00729450878245343
ENSG00000115808	STRN	aparc-Desikan_rh_thickness_fusiform	JTI_Colon_Sigmoid	5.0457970302849	0.00264303632694239
ENSG00000011590	ZBTB32	aparc-Desikan_rh_thickness_fusiform	JTI_Colon_Sigmoid	4.07275502048711	0.0478846692206498
ENSG00000011590	ZBTB32	aparc-Desikan_rh_thickness_GlobalMeanThickness	JTI_Colon_Sigmoid	5.52232800223326	0.000414525680052585
ENSG00000011590	ZBTB32	aparc-Desikan_rh_thickness_inferiorparietal	JTI_Colon_Sigmoid	4.55436930270125	0.013438641408651
ENSG00000011590	ZBTB32	aparc-Desikan_rh_thickness_lateralorbitofrontal	JTI_Colon_Sigmoid	5.11077169105127	0.00209251755823036
ENSG00000011590	ZBTB32	aparc-Desikan_rh_thickness_medialorbitofrontal	JTI_Colon_Sigmoid	5.06028979131667	0.00251122712023976
ENSG00000011590	ZBTB32	aparc-Desikan_rh_thickness_paracentral	JTI_Colon_Sigmoid	5.30604626460975	0.00100264219721741
ENSG00000011590	ZBTB32	aparc-Desikan_rh_thickness_parsorbitalis	JTI_Colon_Sigmoid	4.77701315782847	0.00664356774714384
ENSG00000011590	ZBTB32	aparc-Desikan_rh_thickness_parstriangularis	JTI_Colon_Sigmoid	4.18012003986895	0.0372658368941044
ENSG00000011590	ZBTB32	aparc-Desikan_rh_thickness_precuneus	JTI_Colon_Sigmoid	5.12924120008913	0.00195293140027039
ENSG00000115808	STRN	aparc-Desikan_rh_thickness_precuneus	JTI_Colon_Sigmoid	4.26140246587881	0.0302796801009346
ENSG00000011590	ZBTB32	aparc-Desikan_rh_thickness_rostralmiddlefrontal	JTI_Colon_Sigmoid	6.74578512676641	1.06624287711433e-06
ENSG00000011590	ZBTB32	aparc-Desikan_rh_thickness_superiorfrontal	JTI_Colon_Sigmoid	7.23371601542019	7.54834285470591e-08
ENSG00000011590	ZBTB32	aparc-Desikan_rh_thickness_superiorparietal	JTI_Colon_Sigmoid	4.61303573354082	0.0113547553452962
ENSG00000011590	ZBTB32	aparc-Desikan_rh_volume_frontalpole	JTI_Colon_Sigmoid	4.79682636739948	0.00623824460796403
ENSG00000011590	ZBTB32	aparc-Desikan_rh_volume_lateralorbitofrontal	JTI_Colon_Sigmoid	4.20089541715262	0.0352924851792788
ENSG00000011590	ZBTB32	aparc-Desikan_rh_volume_precentral	JTI_Colon_Sigmoid	4.402339482487	0.0207689019820102
ENSG00000166402	TUB	aparc-Desikan_rh_volume_precuneus	JTI_Colon_Sigmoid	4.20324334224976	0.0351080538272183
ENSG00000011590	ZBTB32	aparc-Desikan_rh_volume_rostralmiddlefrontal	JTI_Colon_Sigmoid	4.99424027242157	0.00315407294854625
ENSG00000011590	ZBTB32	aparc-Desikan_rh_volume_superiorfrontal	JTI_Colon_Sigmoid	5.36899215763311	0.000779895967369411
ENSG00000105668	UPK1A	aparc-Desikan_lh_thickness_frontalpole	JTI_Colon_Transverse	4.60151372596798	0.011721493133395
ENSG00000105668	UPK1A	aparc-Desikan_lh_thickness_lateralorbitofrontal	JTI_Colon_Transverse	4.67289363417938	0.00940200964310348
ENSG00000105668	UPK1A	aparc-Desikan_lh_thickness_parsopercularis	JTI_Colon_Transverse	5.05542559499762	0.00255371750253853
ENSG00000188130	MAPK12	aparc-Desikan_lh_thickness_parsorbitalis	JTI_Colon_Transverse	4.14228005005812	0.0407048698212525
ENSG00000105668	UPK1A	aparc-Desikan_lh_thickness_precuneus	JTI_Colon_Transverse	4.21947324993523	0.0336497338368171
ENSG00000105668	UPK1A	aparc-Desikan_lh_thickness_rostralmiddlefrontal	JTI_Colon_Transverse	5.12384095535173	0.00199502290509779
ENSG00000105668	UPK1A	aparc-Desikan_lh_thickness_superiorfrontal	JTI_Colon_Transverse	5.59834495199471	0.000302298433147903
ENSG00000105668	UPK1A	aparc-Desikan_lh_volume_frontalpole	JTI_Colon_Transverse	5.46667165523021	0.000517250646002319
ENSG00000105668	UPK1A	aparc-Desikan_lh_volume_rostralmiddlefrontal	JTI_Colon_Transverse	5.65785687148898	0.000233674051214251
ENSG00000105668	UPK1A	aparc-Desikan_lh_volume_superiorfrontal	JTI_Colon_Transverse	4.33999616072408	0.0246983356348475
ENSG00000188130	MAPK12	aparc-Desikan_rh_area_inferiorparietal	JTI_Colon_Transverse	-4.33799997399222	0.0248360673675846
ENSG00000188130	MAPK12	aparc-Desikan_rh_area_TotalSurface	JTI_Colon_Transverse	-4.24749854930379	0.0313836084470667
ENSG00000105668	UPK1A	aparc-Desikan_rh_thickness_caudalmiddlefrontal	JTI_Colon_Transverse	4.48369768619878	0.0165236068057731
ENSG00000105668	UPK1A	aparc-Desikan_rh_thickness_entorhinal	JTI_Colon_Transverse	4.37348052576697	0.0224569953294874
ENSG00000105668	UPK1A	aparc-Desikan_rh_thickness_GlobalMeanThickness	JTI_Colon_Transverse	4.8718838039839	0.00479165142639746
ENSG00000105668	UPK1A	aparc-Desikan_rh_thickness_lateralorbitofrontal	JTI_Colon_Transverse	4.08137929842685	0.0469161816797424
ENSG00000105668	UPK1A	aparc-Desikan_rh_thickness_medialorbitofrontal	JTI_Colon_Transverse	4.60169125586565	0.0117186393879422
ENSG00000105668	UPK1A	aparc-Desikan_rh_thickness_paracentral	JTI_Colon_Transverse	4.79530727691923	0.00626563701566212
ENSG00000105668	UPK1A	aparc-Desikan_rh_thickness_parsorbitalis	JTI_Colon_Transverse	4.75530073670956	0.00713741491427902
ENSG00000105668	UPK1A	aparc-Desikan_rh_thickness_precuneus	JTI_Colon_Transverse	4.58351023455239	0.0123568525333219
ENSG00000105668	UPK1A	aparc-Desikan_rh_thickness_rostralmiddlefrontal	JTI_Colon_Transverse	6.1629753260702	2.18604365463038e-05
ENSG00000105668	UPK1A	aparc-Desikan_rh_thickness_superiorfrontal	JTI_Colon_Transverse	6.34462432686376	8.54415947010836e-06
ENSG00000105668	UPK1A	aparc-Desikan_rh_thickness_superiorparietal	JTI_Colon_Transverse	4.15143911960126	0.0398690041229594
ENSG00000105668	UPK1A	aparc-Desikan_rh_volume_caudalmiddlefrontal	JTI_Colon_Transverse	4.14197232013115	0.0407422852096002
ENSG00000105668	UPK1A	aparc-Desikan_rh_volume_lateralorbitofrontal	JTI_Colon_Transverse	4.49639360214997	0.0159553814129024
ENSG00000105668	UPK1A	aparc-Desikan_rh_volume_precentral	JTI_Colon_Transverse	4.21749530807628	0.0338743295052572
ENSG00000166402	TUB	aparc-Desikan_rh_volume_precuneus	JTI_Colon_Transverse	4.23273852088717	0.032613273695093
ENSG00000105668	UPK1A	aparc-Desikan_rh_volume_rostralmiddlefrontal	JTI_Colon_Transverse	4.93131306398067	0.00387129854256229
ENSG00000105668	UPK1A	aparc-Desikan_rh_volume_superiorfrontal	JTI_Colon_Transverse	5.01331688764716	0.0029550733218105
ENSG00000105668	UPK1A	aparc-Desikan_rh_volume_superiorparietal	JTI_Colon_Transverse	4.076664638959	0.0474592045160295
ENSG00000157152	SYN2	aparc-Desikan_rh_volume_superiortemporal	JTI_Colon_Transverse	-4.1306619138784	0.0417381716350056
ENSG00000128310	GALR3	aparc-Desikan_lh_thickness_insula	JTI_Liver	-5.05586699834508	0.00255201416883177
ENSG00000128310	GALR3	aparc-Desikan_lh_thickness_lateralorbitofrontal	JTI_Liver	-4.86301205429866	0.00494148046146486
ENSG00000188130	MAPK12	aparc-Desikan_lh_thickness_parsorbitalis	JTI_Liver	4.06976428621457	0.0482025565395426
ENSG00000188130	MAPK12	aparc-Desikan_rh_area_inferiorparietal	JTI_Liver	-4.20207343448157	0.0352110244363342
ENSG00000188130	MAPK12	aparc-Desikan_rh_area_TotalSurface	JTI_Liver	-4.1428017128214	0.0406598454587331
ENSG00000105668	UPK1A	aparc-Desikan_lh_volume_isthmuscingulate	JTI_Pituitary	4.46861187271449	0.0172643113008659
ENSG00000011590	ZBTB32	aparc-Desikan_lh_volume_isthmuscingulate	JTI_Pituitary	4.20460714280494	0.0350272177734375
ENSG00000142937	RPS8	aparc-Desikan_lh_volume_supramarginal	JTI_Pituitary	-4.55233911754819	0.0135352693140785
ENSG00000105668	UPK1A	aparc-Desikan_rh_volume_superiorfrontal	JTI_Pituitary	4.62625795597922	0.0109214129906345
ENSG00000128872	TMOD2	aparc-Desikan_lh_thickness_superiortemporal	JTI_Whole_Blood	-4.19156288109357	0.0361798033690802
ENSG00000128872	TMOD2	aparc-Desikan_lh_thickness_transversetemporal	JTI_Whole_Blood	-5.26597739359738	0.00117317078075279
